Protein,K-pos,5-mer,pos2_ZASB820101,pos1_LAWE840101,pos-2_ISOY800102,pos2_KLEP840101,pos-1_NAGK730102,pos1_LEVM760103,pos-2_FAUJ880113,sum_AURR980118,pos2_HUTJ700102,sum_GARJ730101,pos-2_BIOV880101,pos1_MEEJ800101,pos-2_RACS820103,pos-2_DIGM050101,sum_HUTJ700102,sum_ZASB820101,pos1_GARJ730101,disorder,dist_nearest_helix,absolute_asa,sumoylation_probability,sumo_f1_prediction,sumo_mcc_prediction
A0A0A0MT36,35,TPKEK,-0.062,-0.71,1.24,1.0,0.75,118.2,3.87,5.460000000000001,63.21,1.11,-38.0,-16.9,2.48,0.871,247.11,-0.8859999999999999,0.33,0.1365,9.0,169.863723754883,0.17494423625390687,0,0
A0A0A0MT36,37,KEKVT,-0.17,0.56,0.77,0.0,0.33,121.7,4.27,5.1899999999999995,36.5,1.3199999999999998,-141.0,2.7,2.86,1.105,250.65,-0.83,0.6,0.1252,9.0,134.179718017578,0.35958146652099,0,0
A0A0A0MT36,58,QQKPD,-0.355,2.03,0.89,-1.0,1.18,81.9,4.54,5.470000000000001,40.66,1.39,-73.0,6.1,0.0,0.729,236.32,-0.96,0.39,0.1226,9.0,62.7705879211426,0.3416334442620825,0,0
A0A0A0MT36,64,SPKLL,-0.102,1.02,1.09,0.0,0.75,118.1,3.83,5.3100000000000005,50.62,2.6,-70.0,8.8,1.23,1.342,239.31,-0.65,1.0,0.1553,9.0,126.865837097168,0.3432676923079742,0,0
A0A0A0MT36,68,LIKYA,-0.152,1.24,1.01,0.0,1.54,110.0,4.79,5.6499999999999995,30.88,3.45,145.0,6.1,0.0,1.054,245.57,-0.402,1.26,0.1999,9.0,70.0469055175781,0.28686441580001987,0,0
P06748,24,ELKAD,-0.355,-0.48,0.66,-1.0,1.26,121.9,5.48,5.58,40.66,1.9100000000000001,-106.0,0.5,2.62,1.118,230.35,-1.0819999999999999,0.28,0.2537,220.0,73.1731948852539,0.3867754974590086,0,0
P06748,27,ADKDY,0.0,-0.75,0.86,0.0,0.9,121.2,4.76,5.65,51.15,2.05,16.0,-8.2,0.82,1.076,226.56,-0.9239999999999999,0.21,0.1996,217.0,89.2340393066406,0.12942233110924375,0,0
P06748,32,HFKVD,-0.355,0.56,1.06,-1.0,1.37,121.7,2.84,5.609999999999999,40.66,3.29,50.0,2.7,0.0,0.985,263.66999999999996,-0.5409999999999999,0.6,0.1782,212.0,121.015968322754,0.3205989849420151,0,0
P06748,54,GAKDE,-0.411,-0.75,0.7,-1.0,0.96,121.2,3.77,5.5,44.98,1.08,-13.0,-8.2,1.63,1.346,204.47,-1.17,0.21,0.0741,190.0,111.750671386719,0.17610220686926878,0,0
P06748,73,PIKVT,-0.17,0.56,1.16,0.0,1.54,121.7,0.0,5.0,36.5,2.11,-20.0,2.7,0.0,0.82,231.38,-0.624,0.6,0.0568,171.0,121.544326782227,0.14983808728431908,0,0
P06748,80,TLKMS,-0.203,0.81,1.24,0.0,1.26,113.1,3.87,5.09,35.65,2.16,-38.0,4.8,2.48,0.871,241.3,-0.644,0.74,0.078,164.0,55.433162689209,0.12291519061437603,0,0
P06748,103,RLKCG,-0.19,-0.32,0.98,0.0,1.26,113.7,4.3,5.140000000000001,24.74,1.6400000000000001,-70.0,-6.8,2.6,1.361,260.83000000000004,-0.443,0.28,0.1708,141.0,125.978454589844,0.2912664651682892,0,0
P06748,134,DVKLL,-0.102,1.02,0.69,0.0,1.41,118.1,5.69,5.48,50.62,2.9,-78.0,8.8,2.64,1.29,247.86,-0.746,1.0,0.8754,110.0,180.604156494141,0.8944940316716251,1,1
P06748,141,SGKRS,-0.203,-0.06,1.09,0.0,0.9,121.4,3.83,4.7299999999999995,35.65,0.6,-70.0,0.8,1.23,1.342,227.68,-0.7470000000000001,0.1,0.9092,103.0,199.462280273438,0.22549711032183858,0,0
P06748,150,GSKVP,-0.181,0.56,0.7,0.0,0.77,121.7,3.77,4.81,39.21,1.37,-13.0,2.7,1.63,1.346,205.56,-0.7610000000000001,0.6,0.9183,94.0,194.758712768555,0.5371830866580348,1,0
P06748,154,PQKKV,-0.125,-0.09,1.16,0.0,1.18,122.0,0.0,5.3100000000000005,42.75,1.52,-20.0,0.1,0.0,0.82,255.0,-0.611,0.09,0.919,90.0,205.40885925293,0.11997632787136846,0,0
P06748,155,QKKVK,-0.062,0.56,0.89,1.0,0.81,121.7,4.54,5.57,63.21,1.22,-73.0,2.7,0.0,0.729,279.0,-0.492,0.6,0.9225,89.0,188.425033569336,0.2076498844811884,0,0
P06748,157,KVKLA,-0.152,1.02,0.77,0.0,1.41,118.1,4.27,5.369999999999999,30.88,2.0599999999999996,-141.0,8.8,2.86,1.105,250.67000000000002,-0.503,1.0,0.9235,87.0,162.734603881836,0.7101127911462929,1,1
P06748,189,EEKAP,-0.181,-0.48,0.66,0.0,0.33,121.9,5.48,5.35,39.21,1.42,-106.0,0.5,2.62,1.118,223.26,-1.2169999999999999,0.28,0.9525,55.0,149.358764648438,0.41853718418255725,0,0
P06748,193,PVKKS,-0.203,-0.09,1.16,0.0,1.41,122.0,0.0,5.0,35.65,1.29,-20.0,0.1,0.0,0.82,244.03000000000003,-0.633,0.09,0.9569,51.0,182.919204711914,0.28474557601552186,0,0
P06748,194,VKKSI,-0.086,0.05,1.4,0.0,0.81,117.9,4.86,5.13,49.71,1.7199999999999998,123.0,1.2,1.62,1.131,254.53000000000003,-0.538,0.12,0.9535,50.0,194.702896118164,0.547015982398983,1,0
P06748,202,PAKNA,-0.152,-0.87,1.16,0.0,0.96,117.5,0.0,4.96,30.88,1.29,-20.0,0.8,0.0,0.82,205.88,-0.75,0.25,0.9584,42.0,198.554275512695,0.4259377084237832,0,0
P06748,206,AQKSN,-0.203,0.05,0.86,0.0,1.18,117.9,4.76,4.75,41.7,1.0899999999999999,16.0,1.2,0.82,1.076,218.06,-0.8009999999999999,0.12,0.966,38.0,195.796127319336,0.3799203108036955,0,0
P06748,212,NGKDS,-0.203,-0.75,0.74,0.0,0.9,121.2,3.64,5.03,35.65,0.84,-74.0,-8.2,2.07,1.056,205.96,-1.0130000000000001,0.21,0.9856,32.0,177.059173583984,0.2403751379949153,0,0
P06748,215,DSKPS,-0.203,2.03,0.69,0.0,0.77,81.9,5.69,4.85,35.65,0.9299999999999999,-78.0,6.1,2.64,1.29,214.38000000000002,-1.0040000000000002,0.39,0.9878,29.0,186.635055541992,0.9422144764411552,1,1
P06748,223,RSKGQ,-0.181,0.0,0.98,0.0,0.77,0.0,4.3,5.039999999999999,46.62,0.83,-70.0,0.0,2.6,1.361,238.65000000000003,-0.7250000000000001,0.17,0.9807,21.0,174.600387573242,0.3543448192230755,0,0
P06748,229,SFKKQ,-0.181,-0.09,1.09,0.0,1.37,122.0,3.83,5.32,46.62,2.83,-70.0,0.1,1.23,1.342,259.75,-0.507,0.09,0.9642,15.0,191.668121337891,0.23411163869459137,0,0
P06748,230,FKKQE,-0.411,-0.32,1.16,-1.0,0.81,118.0,4.31,5.680000000000001,44.98,3.04,189.0,-4.8,0.0,0.869,269.08000000000004,-0.715,0.35,0.956,14.0,170.302886962891,0.7463541035955182,1,1
P06748,233,QEKTP,-0.181,-0.35,0.89,0.0,0.33,117.1,4.54,5.21,39.21,1.3699999999999999,-73.0,2.7,0.0,0.729,230.52,-1.005,0.21,0.9271,11.0,167.588562011719,0.3205314107770242,0,0
P06748,236,TPKTP,-0.181,-0.35,1.24,0.0,0.75,117.1,3.87,4.97,39.21,1.29,-38.0,2.7,2.48,0.871,214.63000000000002,-0.764,0.21,0.8779,8.0,192.27848815918,0.5063514667500846,1,0
P06748,239,TPKGP,-0.181,0.0,1.24,0.0,0.75,0.0,3.87,5.21,39.21,1.25,-38.0,0.0,2.48,0.871,202.87000000000003,-0.784,0.17,0.8114,5.0,153.684524536133,0.4219628040301598,0,0
P06748,248,DIKAK,-0.062,-0.48,0.69,1.0,1.54,121.9,5.69,5.76,63.21,1.4900000000000002,-78.0,0.5,2.64,1.29,247.67000000000002,-0.7169999999999999,0.28,0.6589,4.0,36.6101913452148,0.44775537223250794,0,0
P06748,250,KAKMQ,-0.181,0.81,0.77,0.0,0.96,113.1,4.27,5.6,46.62,1.5499999999999998,-141.0,4.8,2.86,1.105,259.24,-0.5640000000000001,0.74,0.6035,5.0,101.508895874023,0.4712843814944189,1,0
P06748,257,IEKGG,-0.19,0.0,1.31,0.0,0.33,0.0,4.81,5.640000000000001,24.74,1.5799999999999998,151.0,0.0,2.32,0.926,207.38000000000002,-0.9389999999999998,0.17,0.3667,2.0,165.037994384766,0.4105128250119026,0,0
P06748,263,LPKVE,-0.411,0.56,1.01,-1.0,0.75,121.7,4.79,5.25,44.98,2.41,145.0,2.7,0.0,1.054,240.76999999999998,-0.881,0.6,0.2792,2.0,135.884735107422,0.5711860493689069,1,0
P06748,267,EAKFI,-0.086,1.03,0.66,0.0,0.96,118.2,5.48,5.46,49.71,3.7,-106.0,13.2,2.62,1.118,239.84,-0.71,2.18,0.2197,2.0,69.1272811889648,0.5241494590001162,1,0
P06748,273,YVKNC,0.0,-0.87,1.28,0.0,1.41,117.5,4.3,4.65,53.83,2.4800000000000004,53.0,0.8,1.9,0.531,252.64,-0.39,0.25,0.1089,3.0,84.5844650268555,0.22273643813547733,0,0
P06748,292,WRKSL,-0.102,0.05,1.17,0.0,0.67,117.9,4.75,5.16,50.62,7.01,145.0,1.2,0.0,0.666,277.91,-0.181,0.12,0.0629,1.0,100.199813842773,0.14407661421316686,0,0
Q14592,57,STKPE,-0.411,2.03,1.09,-1.0,1.23,81.9,3.83,4.9,44.98,1.14,-70.0,6.1,1.23,1.342,219.55,-1.027,0.39,0.594,5.0,170.443054199219,0.7835544469500673,1,1
Q14592,117,SEKLH,0.0,1.02,1.09,0.0,0.33,118.1,3.83,5.609999999999999,65.99,1.75,-70.0,8.8,1.23,1.342,260.45,-0.7779999999999999,1.0,0.9909,65.0,160.164031982422,0.5243940768075309,1,0
Q14592,121,HGKMS,-0.203,0.81,1.06,0.0,0.9,113.1,2.84,5.57,35.65,1.33,50.0,4.8,0.0,0.985,244.91,-0.562,0.74,0.9825,69.0,202.387237548828,0.4791082759856068,1,0
Q14592,172,SYKFE,-0.411,1.03,1.09,-1.0,1.07,118.2,3.83,5.25,44.98,3.9800000000000004,-70.0,13.2,1.23,1.342,246.04999999999998,-0.675,2.18,0.8124,36.0,132.349044799805,0.7853074167049804,1,1
Q14592,194,RVKPY,0.0,2.03,0.98,0.0,1.41,81.9,4.3,5.129999999999999,51.15,2.44,-70.0,6.1,2.6,1.361,264.75,-0.457,0.39,0.4204,14.0,118.689277648926,0.5431578066437612,1,0
Q14592,203,CGKAF,0.001,-0.48,1.39,0.0,0.9,121.9,3.67,5.0,51.06,3.0,168.0,0.5,0.0,0.753,223.72,-0.403,0.28,0.1617,5.0,114.713394165039,0.010746964146797355,0,0
Q14592,207,FGKSK,-0.062,0.05,1.16,1.0,0.9,117.9,4.31,5.379999999999999,63.21,2.65,189.0,1.2,0.0,0.869,237.87,-0.516,0.12,0.0985,1.0,114.632804870605,0.09355954308109413,0,0
Q14592,209,KSKHL,-0.102,-0.51,0.77,0.0,0.77,118.2,4.27,5.8100000000000005,50.62,1.51,-141.0,-3.5,2.86,1.105,278.68,-0.429,0.21,0.0651,1.0,132.040054321289,0.14332384943648174,0,0
Q14592,222,GEKPY,0.0,2.03,0.7,0.0,0.33,81.9,3.77,5.58,51.15,2.24,-13.0,6.1,1.63,1.346,223.29000000000002,-0.8440000000000001,0.39,0.0672,3.0,101.199676513672,0.9776997791538993,1,1
Q14592,225,PYKCL,-0.102,-0.32,1.16,0.0,1.07,113.7,0.0,5.260000000000001,50.62,3.02,-20.0,-6.8,0.0,0.82,258.02,-0.345,0.28,0.0901,6.0,108.002502441406,0.056000822044861835,0,0
Q14592,231,CGKDF,0.001,-0.75,1.39,0.0,0.9,121.2,3.67,5.22,51.06,2.93,168.0,-8.2,0.0,0.753,233.5,-0.606,0.21,0.0935,5.0,118.644348144531,0.08038420336217389,0,0
Q14592,250,GDKPF,0.001,2.03,0.7,0.0,0.9,81.9,3.77,5.56,51.06,3.04,-13.0,6.1,1.63,1.346,218.88,-0.787,0.39,0.145,7.0,98.2640380859375,0.5414587742408569,1,0
Q14592,278,GEKPF,0.001,2.03,0.7,0.0,0.33,81.9,3.77,5.48,51.06,3.16,-13.0,6.1,1.63,1.346,223.20000000000002,-0.8430000000000001,0.39,0.0932,3.0,108.211196899414,0.9378692836185251,1,1
Q14592,287,CGKAF,0.001,-0.48,1.39,0.0,0.9,121.9,3.67,5.0,51.06,3.0,168.0,0.5,0.0,0.753,223.72,-0.403,0.28,0.0961,5.0,115.580215454102,0.018729661234678216,0,0
Q14592,300,HNKSH,0.0,0.05,1.06,0.0,0.72,117.9,2.84,5.6,65.99,0.8799999999999999,50.0,1.2,0.0,0.985,272.54,-0.468,0.12,0.1272,2.0,81.2241973876953,0.12665275013155392,0,0
Q14592,305,NEKKP,-0.181,-0.09,0.74,0.0,0.33,122.0,3.64,5.4399999999999995,39.21,1.15,-74.0,0.1,2.07,1.056,252.31000000000003,-0.919,0.09,0.1253,3.0,168.585067749023,0.10675586112304285,0,0
Q14592,306,EKKPF,0.001,2.03,0.66,0.0,0.81,81.9,5.48,5.67,51.06,3.08,-106.0,6.1,2.62,1.118,261.67,-0.715,0.39,0.1333,4.0,86.153076171875,0.5983132564422126,1,0
Q14592,315,CGKGF,0.001,0.0,1.39,0.0,0.9,0.0,3.67,5.1499999999999995,51.06,2.89,168.0,0.0,0.0,0.753,217.58,-0.441,0.17,0.1185,5.0,114.592239379883,0.08203802432694045,0,0
Q14592,337,PFKCL,-0.102,-0.32,1.16,0.0,1.37,113.7,0.0,5.16,50.62,3.9400000000000004,-20.0,-6.8,0.0,0.82,257.93,-0.344,0.28,0.0677,6.0,134.608764648438,0.10362781697584517,0,0
Q14592,343,CGKAF,0.001,-0.48,1.39,0.0,0.9,121.9,3.67,5.0,51.06,3.0,168.0,0.5,0.0,0.753,223.72,-0.403,0.28,0.0492,5.0,123.183059692383,0.016998226807720545,0,0
Q14592,352,HLKQH,0.0,-0.32,1.06,0.0,1.26,118.0,2.84,6.25,65.99,1.8599999999999999,50.0,-4.8,0.0,0.985,292.43,-0.345,0.35,0.0414,4.0,125.265075683594,0.05200535213466027,0,0
Q14592,362,GEKPF,0.001,2.03,0.7,0.0,0.33,81.9,3.77,5.48,51.06,3.16,-13.0,6.1,1.63,1.346,223.20000000000002,-0.8430000000000001,0.39,0.0608,3.0,104.739845275879,0.9209101661593727,1,1
Q14592,371,CGKAF,0.001,-0.48,1.39,0.0,0.9,121.9,3.67,5.0,51.06,3.0,168.0,0.5,0.0,0.753,223.72,-0.403,0.28,0.0383,5.0,120.272941589355,0.01703605570015781,0,0
Q14592,390,GEKPF,0.001,2.03,0.7,0.0,0.33,81.9,3.77,5.48,51.06,3.16,-13.0,6.1,1.63,1.346,223.20000000000002,-0.8430000000000001,0.39,0.0813,3.0,116.660423278809,0.9414051025123945,1,1
Q14592,395,ECKEC,0.0,-0.71,0.66,0.0,1.13,118.2,5.48,4.75,53.83,1.31,-106.0,-16.9,2.62,1.118,260.83,-0.8839999999999999,0.33,0.0681,8.0,203.727813720703,0.01581874748373619,0,0
Q14592,399,CGKAF,0.001,-0.48,1.39,0.0,0.9,121.9,3.67,5.0,51.06,3.0,168.0,0.5,0.0,0.753,223.72,-0.403,0.28,0.0519,5.0,118.493041992188,0.011010910782030401,0,0
Q14592,405,IRKDL,-0.102,-0.75,1.31,0.0,0.67,121.2,4.81,5.68,50.62,2.2199999999999998,151.0,-8.2,2.32,0.926,272.63,-0.694,0.21,0.0372,1.0,160.142791748047,0.07048779659115796,0,0
Q14592,418,GEKPY,0.0,2.03,0.7,0.0,0.33,81.9,3.77,5.58,51.15,2.24,-13.0,6.1,1.63,1.346,223.29000000000002,-0.8440000000000001,0.39,0.058,3.0,110.054473876953,0.9540517035443693,1,1
Q14592,427,CGKAF,0.001,-0.48,1.39,0.0,0.9,121.9,3.67,5.0,51.06,3.0,168.0,0.5,0.0,0.753,223.72,-0.403,0.28,0.0546,5.0,94.0552139282227,0.011103414728119798,0,0
Q14592,446,GEKPY,0.0,2.03,0.7,0.0,0.33,81.9,3.77,5.58,51.15,2.24,-13.0,6.1,1.63,1.346,223.29000000000002,-0.8440000000000001,0.39,0.0728,3.0,114.287612915039,0.9833861421967022,1,1
Q14592,455,CGKAF,0.001,-0.48,1.39,0.0,0.9,121.9,3.67,5.0,51.06,3.0,168.0,0.5,0.0,0.753,223.72,-0.403,0.28,0.0546,5.0,118.239196777344,0.01106848162883502,0,0
Q14592,474,GEKPY,0.0,2.03,0.7,0.0,0.33,81.9,3.77,5.58,51.15,2.24,-13.0,6.1,1.63,1.346,223.29000000000002,-0.8440000000000001,0.39,0.1717,3.0,117.252983093262,0.9665985776308046,1,1
Q14592,483,CGKAF,0.001,-0.48,1.39,0.0,0.9,121.9,3.67,5.0,51.06,3.0,168.0,0.5,0.0,0.753,223.72,-0.403,0.28,0.217,5.0,116.946151733398,0.01597379624143365,0,0
Q14592,502,AEKSH,0.0,0.05,0.86,0.0,0.33,117.9,4.76,5.38,65.99,1.03,16.0,1.2,0.82,1.076,240.70999999999998,-0.8280000000000001,0.12,0.7902,3.0,199.394515991211,0.21799112730816228,0,0
Q8IX15,20,GHKSE,-0.411,0.05,0.7,-1.0,0.87,117.9,3.77,5.53,44.98,0.9199999999999999,-13.0,1.2,1.63,1.346,234.57,-0.866,0.12,0.9535,38.0,203.981735229492,0.5582977549511847,1,0
Q8IX15,29,PNKEA,-0.152,-0.71,1.16,0.0,0.72,118.2,0.0,5.1,30.88,1.34,-20.0,-16.9,0.0,0.82,219.98,-1.009,0.33,0.953,29.0,187.984939575195,0.2475464939653364,0,0
Q8IX15,72,LLKTF,0.001,-0.35,1.01,0.0,1.26,117.1,4.79,5.4799999999999995,51.06,4.48,145.0,2.7,0.0,1.054,252.01,-0.43500000000000005,0.21,0.1431,4.0,149.210235595703,0.18439546868240025,0,0
Q8IX15,98,MEKVK,-0.062,0.56,1.06,1.0,0.33,121.7,4.25,5.460000000000001,63.21,1.8500000000000003,124.0,2.7,0.0,0.974,269.46999999999997,-0.7670000000000001,0.6,0.0325,2.0,89.9856643676758,0.04483378391434046,0,0
Q8IX15,100,KVKTW,0.275,-0.35,0.77,0.0,1.41,117.1,4.27,5.18,60.0,6.69,-141.0,2.7,2.86,1.105,265.67,-0.14400000000000002,0.21,0.0385,4.0,71.9469299316406,0.18853172438334723,0,0
Q8IX15,136,HFKSL,-0.102,0.05,1.06,0.0,1.37,117.9,2.84,5.59,50.62,3.6,50.0,1.2,0.0,0.985,266.53,-0.366,0.12,0.3155,3.0,128.338653564453,0.3671329949246485,0,0
Q8IX15,174,LSKPT,-0.17,2.03,1.01,0.0,0.77,81.9,4.79,4.989999999999999,36.5,1.81,145.0,6.1,0.0,1.054,225.19,-0.7180000000000001,0.39,0.9252,35.0,198.844909667969,0.5710300792857184,1,0
Q8IX15,179,QTKGL,-0.102,0.0,0.89,0.0,1.23,0.0,4.54,5.37,50.62,1.8199999999999998,-73.0,0.0,0.0,0.729,221.69000000000003,-0.705,0.17,0.9377,40.0,193.237655639648,0.4791581616474675,1,0
Q8IX15,182,GLKVE,-0.411,0.56,0.7,-1.0,1.26,121.7,3.77,5.32,44.98,2.19,-13.0,2.7,1.63,1.346,226.29999999999998,-0.8899999999999999,0.6,0.9596,43.0,155.307037353516,0.9589192687242839,1,1
Q8IX15,200,HQKLK,-0.062,1.02,1.06,1.0,1.18,118.1,2.84,6.119999999999999,63.21,1.74,50.0,8.8,0.0,0.985,289.65,-0.407,1.0,0.9477,61.0,185.168655395508,0.22203397679253423,0,0
Q8IX15,202,KLKES,-0.203,-0.71,0.77,0.0,1.26,118.2,4.27,5.4799999999999995,35.65,1.6300000000000003,-141.0,-16.9,2.86,1.105,257.66999999999996,-0.8400000000000001,0.33,0.9484,63.0,174.506210327148,0.5595056913927926,1,0
Q8IX15,230,LSKEQ,-0.181,-0.71,1.01,0.0,0.77,118.2,4.79,5.23,46.62,1.8900000000000001,145.0,-16.9,0.0,1.054,241.07999999999998,-0.9590000000000001,0.33,0.952,91.0,155.100372314453,0.3191619176831544,0,0
Q8IX15,262,RDKPP,-0.181,2.03,0.98,0.0,0.9,81.9,4.3,5.3999999999999995,39.21,1.1800000000000002,-70.0,6.1,2.6,1.361,250.72000000000003,-0.8680000000000001,0.39,0.9561,103.0,185.434707641602,0.4512401731260667,0,0
Q8IX15,274,SCKEE,-0.411,-0.71,1.09,-1.0,1.13,118.2,3.83,4.79,44.98,1.1500000000000001,-70.0,-16.9,1.23,1.342,242.64999999999998,-1.087,0.33,0.96,91.0,204.228515625,0.8981701388309118,1,1
Q8IX15,304,ASKPL,-0.102,2.03,0.86,0.0,0.77,81.9,4.76,5.08,50.62,1.88,16.0,6.1,0.82,1.076,219.57000000000002,-0.7,0.39,0.9793,61.0,201.667587280273,0.5852082907091057,1,0
Q8IX15,359,QRKTK,-0.062,-0.35,0.89,1.0,0.67,117.1,4.54,5.359999999999999,63.21,0.8399999999999999,-73.0,2.7,0.0,0.729,277.97,-0.5640000000000001,0.21,0.4675,6.0,172.307250976563,0.09250834341110725,0,0
Q8IX15,361,KTKRK,-0.062,-0.06,0.77,1.0,1.23,121.4,4.27,5.609999999999999,63.21,0.58,-141.0,0.8,2.86,1.105,294.56,-0.445,0.1,0.4075,4.0,182.112518310547,0.06849018508639251,0,0
Q8IX15,363,KRKTK,-0.062,-0.35,0.77,1.0,0.67,117.1,4.27,5.609999999999999,63.21,0.58,-141.0,2.7,2.86,1.105,294.56,-0.445,0.21,0.353,2.0,42.822151184082,0.10474419896973103,0,0
Q8IX15,365,KTKEQ,-0.181,-0.71,0.77,0.0,1.23,118.2,4.27,5.470000000000001,46.62,1.0699999999999998,-141.0,-16.9,2.86,1.105,254.52,-0.8860000000000001,0.33,0.3168,0.0,181.353652954102,0.3537605266223571,0,0
Q8IX15,372,ILKSF,0.001,0.05,1.31,0.0,1.26,117.9,4.81,5.329999999999999,51.06,4.21,151.0,1.2,2.32,0.926,250.25,-0.452,0.12,0.1116,5.0,60.7063140869141,0.11873810080091869,0,0
Q8IX15,388,YQKLE,-0.411,1.02,1.28,-1.0,1.18,118.1,4.3,5.67,44.98,3.0300000000000002,53.0,8.8,1.9,0.531,256.58,-0.756,1.0,0.0668,5.0,99.7047729492188,0.5186543164394737,1,0
Q8IX15,412,ALKHG,-0.19,-0.51,0.86,0.0,1.26,118.2,4.76,5.84,24.74,1.75,16.0,-3.5,0.82,1.076,235.44,-0.506,0.21,0.1651,0.0,115.010864257813,0.2624974301459995,0,0
Q8IX15,417,QLKWF,0.001,0.66,0.89,0.0,1.26,118.4,4.54,5.56,51.06,9.32,-73.0,14.9,0.0,0.729,271.51,-0.06899999999999995,5.7,0.3226,0.0,161.908508300781,0.4273316034143716,0,0
Q8TAD8,2,XMKAV,-0.125,-0.48,1.01,0.0,1.29,121.9,4.31,5.35,42.75,1.82,-20.0,0.5,1.62,1.076,245.065,-0.6819999999999999,0.28,0.9732,163.0,196.421676635742,0.48671382241711647,1,0
Q8TAD8,5,AVKSE,-0.411,0.05,0.86,-1.0,1.41,117.9,4.76,4.72,44.98,1.42,16.0,1.2,0.82,1.076,217.47,-0.9530000000000001,0.12,1.0,160.0,183.330154418945,0.9754971517007974,1,1
Q8TAD8,30,VVKQE,-0.411,-0.32,1.4,-1.0,1.41,118.0,4.86,4.84,44.98,1.9700000000000002,123.0,-4.8,1.62,1.131,240.31,-0.9039999999999999,0.35,0.9182,135.0,189.898223876953,0.9930661874976922,1,1
Q8TAD8,79,PPKKK,-0.062,-0.09,1.16,1.0,0.75,122.0,0.0,5.83,63.21,1.05,-20.0,0.1,0.0,0.82,268.05,-0.548,0.09,0.9906,86.0,192.249908447266,0.11367851296425292,0,0
Q8TAD8,80,PKKKN,-0.203,-0.09,1.16,0.0,0.81,122.0,0.0,5.640000000000001,41.7,0.9099999999999999,-20.0,0.1,0.0,0.82,270.54,-0.5700000000000001,0.09,0.9921,85.0,209.59407043457,0.08057908045407841,0,0
Q8TAD8,81,KKKNK,-0.062,-0.87,0.77,1.0,0.81,117.5,4.27,5.9,63.21,0.61,-141.0,0.8,2.86,1.105,294.53999999999996,-0.451,0.25,0.9952,84.0,183.148239135742,0.08203261746142523,0,0
Q8TAD8,83,KNKAS,-0.203,-0.48,0.77,0.0,0.72,121.9,4.27,5.0,35.65,0.83,-141.0,0.5,2.86,1.105,234.65,-0.6819999999999999,0.28,0.9974,82.0,184.610565185547,0.3625405066492357,0,0
Q8TAD8,90,RSKSP,-0.181,0.05,0.98,0.0,0.77,117.9,4.3,4.66,39.21,0.8200000000000001,-70.0,1.2,2.6,1.361,242.15000000000003,-0.738,0.12,0.9944,75.0,203.05598449707,0.3058047595470089,0,0
Q8TAD8,95,RSKRN,-0.203,-0.06,0.98,0.0,0.77,121.4,4.3,4.72,41.7,0.66,-70.0,0.8,2.6,1.361,277.42,-0.6460000000000001,0.1,0.9922,70.0,186.632904052734,0.13342299983459135,0,0
Q8TAD8,106,TVKVK,-0.062,0.56,1.24,1.0,1.41,121.7,3.87,4.859999999999999,63.21,1.59,-38.0,2.7,2.48,0.871,248.42000000000002,-0.544,0.6,0.983,59.0,204.207550048828,0.3848410042414164,0,0
Q8TAD8,108,KVKQE,-0.411,-0.32,0.77,-1.0,1.41,118.0,4.27,5.37,44.98,1.46,-141.0,-4.8,2.86,1.105,260.77000000000004,-0.841,0.35,0.9857,57.0,188.930053710938,0.9901551607525755,1,1
Q8TAD8,214,NNKEK,-0.062,-0.71,0.74,1.0,0.72,118.2,3.64,5.25,63.21,1.01,-74.0,-16.9,2.07,1.056,254.8,-0.9410000000000001,0.33,0.8425,17.0,182.271621704102,0.12033468337635679,0,0
Q8TAD8,216,KEKEV,-0.125,-0.71,0.77,0.0,0.33,118.2,4.27,5.42,42.75,1.44,-141.0,-16.9,2.86,1.105,259.13,-1.071,0.33,0.7984,15.0,190.232757568359,0.3052911836613201,0,0
Q8TAD8,221,PAKEK,-0.062,-0.71,1.16,1.0,0.96,118.2,0.0,5.550000000000001,63.21,1.1800000000000002,-20.0,-16.9,0.0,0.82,241.49,-0.8679999999999999,0.33,0.6699,10.0,196.685791015625,0.10376815348903339,0,0
Q8TAD8,223,KEKPS,-0.203,2.03,0.77,0.0,0.33,81.9,4.27,5.33,35.65,1.02,-141.0,6.1,2.86,1.105,246.26000000000002,-0.919,0.39,0.6208,8.0,179.512008666992,0.7118728347025453,1,1
Q8TAD8,245,VIKYS,-0.203,1.24,1.4,0.0,1.54,110.0,4.86,5.01,35.65,2.89,123.0,6.1,1.62,1.131,242.47000000000003,-0.47600000000000003,1.26,0.2074,8.0,124.515762329102,0.6354607090922245,1,1
Q8TAD8,256,IPKKR,-0.089,-0.09,1.31,1.0,0.75,122.0,4.81,5.6499999999999995,68.43,1.4900000000000002,151.0,0.1,2.32,0.926,283.77,-0.48,0.09,0.1559,19.0,200.845306396484,0.10551224571684936,0,0
Q8TAD8,257,PKKRW,0.275,-0.06,1.16,0.0,0.81,121.4,0.0,5.57,60.0,6.37,-20.0,0.8,0.0,0.82,294.06,-0.119,0.1,0.156,20.0,100.444381713867,0.06051014674600059,0,0
Q8TAD8,265,PFKND,-0.355,-0.87,1.16,-1.0,1.37,117.5,0.0,5.300000000000001,40.66,3.12,-20.0,0.8,0.0,0.82,235.84,-0.8,0.25,0.0987,28.0,78.0596466064453,0.3617102000567814,0,0
Q8TAD8,301,CSKQH,0.0,-0.32,1.39,0.0,0.77,118.0,3.67,5.07,65.99,1.05,168.0,-4.8,0.0,0.753,265.3,-0.446,0.35,0.0799,64.0,141.683242797852,0.07172483516824597,0,0
Q8TAD8,325,RVKPY,0.0,2.03,0.98,0.0,1.41,81.9,4.3,5.129999999999999,51.15,2.44,-70.0,6.1,2.6,1.361,264.75,-0.457,0.39,0.137,55.0,56.9798774719238,0.32306152300439206,0,0
Q8TAD8,342,NNKRI,-0.086,-0.06,0.74,0.0,0.72,121.4,3.64,5.01,49.71,1.5099999999999998,-74.0,0.8,2.07,1.056,264.75,-0.643,0.1,0.1471,38.0,152.780136108398,0.13914955722273462,0,0
Q8TAD8,353,ELKEK,-0.062,-0.71,0.66,1.0,1.26,118.2,5.48,5.84,63.21,1.8400000000000003,-106.0,-16.9,2.62,1.118,267.0,-1.048,0.33,0.1296,27.0,128.305313110352,0.07923200858423725,0,0
Q8TAD8,355,KEKDV,-0.125,-0.75,0.77,0.0,0.33,121.2,4.27,5.5,42.75,1.3199999999999998,-141.0,-8.2,2.86,1.105,254.81,-1.015,0.21,0.1228,25.0,144.361740112305,0.1918630594204671,0,0
Q8TAD8,359,VLKFG,-0.19,1.03,1.4,0.0,1.26,118.2,4.86,5.3,24.74,4.04,123.0,13.2,1.62,1.131,232.38000000000002,-0.478,2.18,0.1461,21.0,56.0091171264648,0.2675337986478311,0,0
Q8TAD8,382,DRKDD,-0.355,-0.75,0.69,-1.0,0.67,121.2,5.69,5.68,40.66,0.82,-78.0,-8.2,2.64,1.29,253.62,-1.216,0.21,0.811,2.0,134.279907226563,0.5380998242405994,1,0
Q9BTT0,4,EMKKK,-0.062,-0.09,0.66,1.0,1.29,122.0,5.48,5.99,63.21,1.3400000000000003,-106.0,0.1,2.62,1.118,289.93,-0.7040000000000002,0.09,0.3996,1.0,117.931831359863,0.07952483240389596,0,0
Q9BTT0,5,MKKKI,-0.086,-0.09,1.06,0.0,0.81,122.0,4.25,6.06,49.71,1.83,124.0,0.1,0.0,0.974,294.66,-0.379,0.09,0.4278,2.0,110.218078613281,0.03319885654095676,0,0
Q9BTT0,6,KKKIN,-0.203,0.81,0.77,0.0,0.81,118.9,4.27,5.7700000000000005,41.7,1.3399999999999999,-141.0,13.9,2.86,1.105,281.04,-0.47500000000000003,0.82,0.4307,3.0,39.4486274719238,0.4211760644845526,0,0
Q9BTT0,42,TFKEL,-0.102,-0.71,1.24,0.0,1.37,118.2,3.87,5.390000000000001,50.62,3.81,-38.0,-16.9,2.48,0.871,246.37,-0.744,0.33,0.0326,31.0,110.52409362793,0.07700237372866897,0,0
Q9BTT0,65,LNKLR,-0.089,1.02,1.01,1.0,0.72,118.1,4.79,5.37,68.43,2.44,145.0,8.8,0.0,1.054,274.58000000000004,-0.5579999999999999,1.0,0.0453,16.0,92.1181488037109,0.02149972521595445,0,0
Q9BTT0,68,LRKLE,-0.411,1.02,1.01,-1.0,0.67,118.1,4.79,5.62,44.98,2.5200000000000005,145.0,8.8,0.0,1.054,277.86,-0.766,1.0,0.0446,13.0,66.3316192626953,0.27434079724494737,0,0
Q9BTT0,86,AEKCP,-0.181,-0.32,0.86,0.0,0.33,113.7,4.76,4.95,39.21,1.37,16.0,-6.8,0.82,1.076,232.10999999999999,-0.806,0.28,0.0511,0.0,58.7974662780762,0.14718996379163365,0,0
Q9BTT0,99,GNKIK,-0.062,0.81,0.7,1.0,0.72,118.9,3.77,5.58,63.21,1.4200000000000002,-13.0,13.9,1.63,1.346,242.57000000000002,-0.603,0.82,0.0656,4.0,88.9706802368164,0.11022319459925455,0,0
Q9BTT0,101,KIKDL,-0.102,-0.75,0.77,0.0,1.54,121.2,4.27,5.99,50.62,2.21,-141.0,-8.2,2.86,1.105,267.40999999999997,-0.6669999999999999,0.21,0.0645,2.0,107.804954528809,0.2692096646631281,0,0
Q9BTT0,113,NLKNL,-0.102,-0.87,0.74,0.0,1.26,117.5,3.64,5.23,50.62,2.59,-74.0,0.8,2.07,1.056,247.85000000000002,-0.672,0.25,0.0611,6.0,170.793823242188,0.31395960767900233,0,0
Q9BTT0,116,NLKSL,-0.102,0.05,0.74,0.0,1.26,117.9,3.64,5.12,50.62,2.46,-74.0,1.2,2.07,1.056,241.8,-0.672,0.12,0.0628,9.0,84.8508758544922,0.21253994677695298,0,0
Q9BTT0,223,LMKEE,-0.411,-0.71,1.01,-1.0,1.29,118.2,4.79,5.680000000000001,44.98,2.49,145.0,-16.9,0.0,1.054,259.11,-1.093,0.33,0.8704,85.0,169.693649291992,0.9487331401090983,1,1
Q9BTT0,254,GEKRK,-0.062,-0.06,0.7,1.0,0.33,121.4,3.77,5.65,63.21,0.7799999999999999,-13.0,0.8,1.63,1.346,264.57,-0.8140000000000001,0.1,0.9671,116.0,195.204147338867,0.08186555347681157,0,0
Q9BTT0,256,KRKRD,-0.355,-0.06,0.77,-1.0,0.67,121.4,4.27,5.609999999999999,40.66,0.59,-141.0,0.8,2.86,1.105,303.94000000000005,-0.657,0.1,0.9614,118.0,186.832916259766,0.20969304424720872,0,0
Q9NYJ1,16,RVKKD,-0.355,-0.09,0.98,-1.0,1.41,122.0,4.3,5.390000000000001,40.66,1.0899999999999999,-70.0,0.1,2.6,1.361,278.26,-0.6930000000000001,0.09,0.8239,8.0,135.299255371094,0.3884979088781179,0,0
Q9NYJ1,17,VKKDD,-0.355,-0.75,1.4,-1.0,0.81,121.2,4.86,5.58,40.66,1.2,123.0,-8.2,1.62,1.131,250.49,-0.959,0.21,0.8034,7.0,162.991775512695,0.43970531964497306,0,0
Q9NYJ1,62,AFKDC,0.0,-0.75,0.86,0.0,1.37,121.2,4.76,5.07,53.83,3.04,16.0,-8.2,0.82,1.076,239.64,-0.568,0.21,0.2159,7.0,122.354248046875,0.1372952444089414,0,0
