structure,chain,residue_number,residue_name,asa_abs,asa_rel,plDDT
AF-Q9BTT0-F1-model_v4,A,1,MET,112.17369079589800,57.77682113647460,84.94000244140630
AF-Q9BTT0-F1-model_v4,A,2,GLU,78.1639633178711,45.37820816040040,91.11000061035160
AF-Q9BTT0-F1-model_v4,A,3,MET,1.437984824180600,0.7406566143035890,91.9000015258789
AF-Q9BTT0-F1-model_v4,A,4,LYS,117.93183135986300,58.72806930541990,90.56999969482420
AF-Q9BTT0-F1-model_v4,A,5,LYS,110.21807861328100,54.88674545288090,91.37000274658200
AF-Q9BTT0-F1-model_v4,A,6,LYS,39.44862747192380,19.644752502441400,92.45000457763670
AF-Q9BTT0-F1-model_v4,A,7,ILE,5.617900848388670,3.208029270172120,92.5999984741211
AF-Q9BTT0-F1-model_v4,A,8,ASN,97.03469848632810,67.41329193115230,91.72999572753910
AF-Q9BTT0-F1-model_v4,A,9,LEU,100.43534851074200,56.2253532409668,91.70999908447270
AF-Q9BTT0-F1-model_v4,A,10,GLU,36.01976013183590,20.911327362060500,90.25999450683590
AF-Q9BTT0-F1-model_v4,A,11,LEU,24.75071144104000,13.855854034423800,90.47000122070310
AF-Q9BTT0-F1-model_v4,A,12,ARG,179.37289428710900,75.12686157226560,84.41000366210940
AF-Q9BTT0-F1-model_v4,A,13,ASN,157.9096221923830,109.7051773071290,82.4000015258789
AF-Q9BTT0-F1-model_v4,A,14,ARG,111.24920654296900,46.594573974609400,89.41000366210940
AF-Q9BTT0-F1-model_v4,A,15,SER,43.59777069091800,37.422977447509800,90.93000030517580
AF-Q9BTT0-F1-model_v4,A,16,PRO,38.013999938964800,27.924776077270500,91.55000305175780
AF-Q9BTT0-F1-model_v4,A,17,GLU,80.95255279541020,46.997127532959000,92.45999908447270
AF-Q9BTT0-F1-model_v4,A,18,GLU,114.93903350830100,66.72803497314450,91.31000518798830
AF-Q9BTT0-F1-model_v4,A,19,VAL,0.0,0.0,93.5199966430664
AF-Q9BTT0-F1-model_v4,A,20,THR,55.787113189697300,40.05680465698240,94.22999572753910
AF-Q9BTT0-F1-model_v4,A,21,GLU,115.13880920410200,66.84400939941410,95.38999938964840
AF-Q9BTT0-F1-model_v4,A,22,LEU,0.8167006373405460,0.45720237493515000,95.19999694824220
AF-Q9BTT0-F1-model_v4,A,23,VAL,65.69761657714840,43.38194274902340,95.4000015258789
AF-Q9BTT0-F1-model_v4,A,24,LEU,0.0,0.0,94.78999328613280
AF-Q9BTT0-F1-model_v4,A,25,ASP,36.29826736450200,25.855308532714800,94.5999984741211
AF-Q9BTT0-F1-model_v4,A,26,ASN,102.26148986816400,71.04452514648440,93.30000305175780
AF-Q9BTT0-F1-model_v4,A,27,CYS,8.997745513916020,6.7007341384887700,91.58999633789060
AF-Q9BTT0-F1-model_v4,A,28,LEU,101.12226104736300,56.60989761352540,87.75999450683590
AF-Q9BTT0-F1-model_v4,A,29,CYS,7.774193286895750,5.789539337158200,88.11000061035160
AF-Q9BTT0-F1-model_v4,A,30,VAL,68.29653930664060,45.09808349609380,86.23999786376950
AF-Q9BTT0-F1-model_v4,A,31,ASN,131.31304931640600,91.22763061523440,87.13999938964840
AF-Q9BTT0-F1-model_v4,A,32,GLY,7.3772735595703100,9.210079193115230,88.63999938964840
AF-Q9BTT0-F1-model_v4,A,33,GLU,53.17797088623050,30.87255096435550,91.95999908447270
AF-Q9BTT0-F1-model_v4,A,34,ILE,5.275692939758300,3.012615919113160,92.81999969482420
AF-Q9BTT0-F1-model_v4,A,35,GLU,65.13813781738280,37.816043853759800,91.06999969482420
AF-Q9BTT0-F1-model_v4,A,36,GLY,30.13358497619630,37.619956970214800,88.66999816894530
AF-Q9BTT0-F1-model_v4,A,37,LEU,17.860734939575200,9.99873161315918,91.5199966430664
AF-Q9BTT0-F1-model_v4,A,38,ASN,67.4077377319336,46.830440521240200,91.20999908447270
AF-Q9BTT0-F1-model_v4,A,39,ASP,86.80694580078130,61.83271408081060,90.9800033569336
AF-Q9BTT0-F1-model_v4,A,40,THR,55.88634490966800,40.128055572509800,92.41999816894530
AF-Q9BTT0-F1-model_v4,A,41,PHE,2.492396354675290,1.2494467496871900,93.16999816894530
AF-Q9BTT0-F1-model_v4,A,42,LYS,110.52409362793000,55.03913879394530,91.36000061035160
AF-Q9BTT0-F1-model_v4,A,43,GLU,63.97114562988280,37.138545989990200,94.12999725341800
AF-Q9BTT0-F1-model_v4,A,44,LEU,0.3659234344959260,0.20484991371631600,96.02999877929690
AF-Q9BTT0-F1-model_v4,A,45,GLU,73.44898223876950,42.64091873168950,96.68999481201170
AF-Q9BTT0-F1-model_v4,A,46,PHE,52.251468658447300,26.19384002685550,96.8800048828125
AF-Q9BTT0-F1-model_v4,A,47,LEU,0.0,0.0,96.75
AF-Q9BTT0-F1-model_v4,A,48,SER,7.304257392883300,6.269748687744140,97.19999694824220
AF-Q9BTT0-F1-model_v4,A,49,MET,0.0,0.0,95.81000518798830
AF-Q9BTT0-F1-model_v4,A,50,ALA,19.80100440979000,18.342756271362300,95.51000213623050
AF-Q9BTT0-F1-model_v4,A,51,ASN,74.20339965820310,51.55161666870120,95.11000061035160
AF-Q9BTT0-F1-model_v4,A,52,VAL,0.30482470989227300,0.20128414034843400,94.52999877929690
AF-Q9BTT0-F1-model_v4,A,53,GLU,108.56195068359400,63.02581024169920,93.13999938964840
AF-Q9BTT0-F1-model_v4,A,54,LEU,0.0,0.0,94.9000015258789
AF-Q9BTT0-F1-model_v4,A,55,SER,43.986812591552700,37.756919860839800,94.05999755859380
AF-Q9BTT0-F1-model_v4,A,56,SER,36.62358093261720,31.43655014038090,93.43000030517580
AF-Q9BTT0-F1-model_v4,A,57,LEU,0.308316707611084,0.17260074615478500,94.58000183105470
AF-Q9BTT0-F1-model_v4,A,58,ALA,76.50894165039060,70.87442779541020,92.68000030517580
AF-Q9BTT0-F1-model_v4,A,59,ARG,143.22421264648400,59.98668670654300,92.58999633789060
AF-Q9BTT0-F1-model_v4,A,60,LEU,4.606052875518800,2.5785436630249000,94.0
AF-Q9BTT0-F1-model_v4,A,61,PRO,11.110167503356900,8.161438941955570,93.54000091552730
AF-Q9BTT0-F1-model_v4,A,62,SER,44.52070617675780,38.2151985168457,94.55000305175780
AF-Q9BTT0-F1-model_v4,A,63,LEU,0.5636284351348880,0.31552842259407000,95.36000061035160
AF-Q9BTT0-F1-model_v4,A,64,ASN,83.24461364746090,57.832855224609400,93.35000610351560
AF-Q9BTT0-F1-model_v4,A,65,LYS,92.11814880371090,45.873287200927700,94.98999786376950
AF-Q9BTT0-F1-model_v4,A,66,LEU,0.0,0.0,96.95000457763670
AF-Q9BTT0-F1-model_v4,A,67,ARG,96.51455688476560,40.42325210571290,96.45999908447270
AF-Q9BTT0-F1-model_v4,A,68,LYS,66.33161926269530,33.03202819824220,97.4000015258789
AF-Q9BTT0-F1-model_v4,A,69,LEU,0.0,0.0,97.48999786376950
AF-Q9BTT0-F1-model_v4,A,70,GLU,27.212993621826200,15.798544883728000,97.55000305175780
AF-Q9BTT0-F1-model_v4,A,71,LEU,0.0,0.0,97.11000061035160
AF-Q9BTT0-F1-model_v4,A,72,SER,20.328990936279300,17.449777603149400,96.63999938964840
AF-Q9BTT0-F1-model_v4,A,73,ASP,90.23313903808590,64.273193359375,96.05999755859380
AF-Q9BTT0-F1-model_v4,A,74,ASN,3.39570689201355,2.3591127395629900,96.61000061035160
AF-Q9BTT0-F1-model_v4,A,75,ILE,90.09152221679690,51.44559097290040,95.43000030517580
AF-Q9BTT0-F1-model_v4,A,76,ILE,0.0,0.0,95.83000183105470
AF-Q9BTT0-F1-model_v4,A,77,SER,64.40191650390630,55.28061294555660,94.55000305175780
AF-Q9BTT0-F1-model_v4,A,78,GLY,25.43012237548830,31.747970581054700,93.41000366210940
AF-Q9BTT0-F1-model_v4,A,79,GLY,28.887245178222700,36.0639762878418,93.22999572753910
AF-Q9BTT0-F1-model_v4,A,80,LEU,0.9620698690414430,0.538582444190979,95.18000030517580
AF-Q9BTT0-F1-model_v4,A,81,GLU,92.7410888671875,53.84098434448240,94.05999755859380
AF-Q9BTT0-F1-model_v4,A,82,VAL,25.606517791748000,16.908689498901400,94.77999877929690
AF-Q9BTT0-F1-model_v4,A,83,LEU,0.0,0.0,95.45999908447270
AF-Q9BTT0-F1-model_v4,A,84,ALA,25.420372009277300,23.54828453063970,92.73999786376950
AF-Q9BTT0-F1-model_v4,A,85,GLU,133.13909912109400,77.29410552978520,93.5
AF-Q9BTT0-F1-model_v4,A,86,LYS,58.79746627807620,29.280149459838900,94.4000015258789
AF-Q9BTT0-F1-model_v4,A,87,CYS,0.0,0.0,95.5999984741211
AF-Q9BTT0-F1-model_v4,A,88,PRO,55.33270263671880,40.64695358276370,94.33000183105470
AF-Q9BTT0-F1-model_v4,A,89,ASN,61.5531120300293,42.76303482055660,95.22999572753910
AF-Q9BTT0-F1-model_v4,A,90,LEU,0.1502288579940800,0.08410057425498960,96.7699966430664
AF-Q9BTT0-F1-model_v4,A,91,THR,15.937480926513700,11.443584442138700,96.69999694824220
AF-Q9BTT0-F1-model_v4,A,92,TYR,48.208335876464800,22.658552169799800,97.30000305175780
AF-Q9BTT0-F1-model_v4,A,93,LEU,0.0,0.0,97.54000091552730
AF-Q9BTT0-F1-model_v4,A,94,ASN,19.826311111450200,13.77401065826420,97.58999633789060
AF-Q9BTT0-F1-model_v4,A,95,LEU,0.0,0.0,97.35000610351560
AF-Q9BTT0-F1-model_v4,A,96,SER,19.878971099853500,17.063493728637700,96.97000122070310
AF-Q9BTT0-F1-model_v4,A,97,GLY,12.628043174743700,15.765348434448200,95.91000366210940
AF-Q9BTT0-F1-model_v4,A,98,ASN,0.9036234617233280,0.6277778744697570,97.30000305175780
AF-Q9BTT0-F1-model_v4,A,99,LYS,88.9706802368164,44.305904388427700,95.23999786376950
AF-Q9BTT0-F1-model_v4,A,100,ILE,0.0,0.0,95.54000091552730
AF-Q9BTT0-F1-model_v4,A,101,LYS,107.8049545288090,53.68505096435550,93.3800048828125
AF-Q9BTT0-F1-model_v4,A,102,ASP,57.09721755981450,40.67042922973630,92.66999816894530
AF-Q9BTT0-F1-model_v4,A,103,LEU,58.46455764770510,32.72941589355470,93.5
AF-Q9BTT0-F1-model_v4,A,104,SER,77.65950012207030,66.66051483154300,92.68999481201170
AF-Q9BTT0-F1-model_v4,A,105,THR,18.971019744873000,13.621756553649900,92.93000030517580
AF-Q9BTT0-F1-model_v4,A,106,VAL,0.0,0.0,94.70999908447270
AF-Q9BTT0-F1-model_v4,A,107,GLU,90.29450988769530,52.420616149902300,94.11000061035160
AF-Q9BTT0-F1-model_v4,A,108,ALA,20.348268508911100,18.849716186523400,92.18000030517580
AF-Q9BTT0-F1-model_v4,A,109,LEU,0.2909916341304780,0.1629018783569340,94.9800033569336
AF-Q9BTT0-F1-model_v4,A,110,GLN,94.25448608398440,52.80363464355470,94.02999877929690
AF-Q9BTT0-F1-model_v4,A,111,ASN,102.67683410644500,71.33308410644530,92.08999633789060
AF-Q9BTT0-F1-model_v4,A,112,LEU,1.0965864658355700,0.6138870716094970,94.98999786376950
AF-Q9BTT0-F1-model_v4,A,113,LYS,170.7938232421880,85.05245208740230,92.7199935913086
AF-Q9BTT0-F1-model_v4,A,114,ASN,64.13042449951170,44.55358123779300,94.63999938964840
AF-Q9BTT0-F1-model_v4,A,115,LEU,0.38637784123420700,0.21630065143108400,96.58999633789060
AF-Q9BTT0-F1-model_v4,A,116,LYS,84.85087585449220,42.25430679321290,95.7199935913086
AF-Q9BTT0-F1-model_v4,A,117,SER,14.569589614868200,12.506085395813000,96.44000244140630
AF-Q9BTT0-F1-model_v4,A,118,LEU,0.0005678634624928240,0.00031789924832992300,97.27999877929690
AF-Q9BTT0-F1-model_v4,A,119,ASP,20.43889617919920,14.55865478515630,97.30000305175780
AF-Q9BTT0-F1-model_v4,A,120,LEU,0.0,0.0,96.58999633789060
AF-Q9BTT0-F1-model_v4,A,121,PHE,144.64158630371100,72.50931549072270,94.35000610351560
AF-Q9BTT0-F1-model_v4,A,122,ASN,105.21517944335900,73.0965576171875,94.63999938964840
AF-Q9BTT0-F1-model_v4,A,123,CYS,3.7619857788085900,2.801598072052000,96.04000091552730
AF-Q9BTT0-F1-model_v4,A,124,GLU,76.337646484375,44.317935943603500,94.0
AF-Q9BTT0-F1-model_v4,A,125,ILE,0.005163016263395550,0.002948273438960310,94.83000183105470
AF-Q9BTT0-F1-model_v4,A,126,THR,46.37312316894530,33.297279357910200,93.13999938964840
AF-Q9BTT0-F1-model_v4,A,127,ASN,121.76990509033200,84.59768676757810,93.7199935913086
AF-Q9BTT0-F1-model_v4,A,128,LEU,80.15729522705080,44.87336730957030,93.37000274658200
AF-Q9BTT0-F1-model_v4,A,129,GLU,181.25653076171900,105.228759765625,91.70999908447270
AF-Q9BTT0-F1-model_v4,A,130,ASP,92.80638885498050,66.10612487792970,92.9000015258789
AF-Q9BTT0-F1-model_v4,A,131,TYR,18.217273712158200,8.562358856201170,94.18999481201170
AF-Q9BTT0-F1-model_v4,A,132,ARG,65.92398071289060,27.610980987548800,94.30000305175780
AF-Q9BTT0-F1-model_v4,A,133,GLU,132.29473876953100,76.80390930175780,94.43000030517580
AF-Q9BTT0-F1-model_v4,A,134,SER,28.370466232299800,24.352331161499000,95.4000015258789
AF-Q9BTT0-F1-model_v4,A,135,ILE,0.0,0.0,95.5999984741211
AF-Q9BTT0-F1-model_v4,A,136,PHE,15.919877052307100,7.980688571929930,95.5199966430664
AF-Q9BTT0-F1-model_v4,A,137,GLU,132.9217529296880,77.16793060302730,95.15999603271480
AF-Q9BTT0-F1-model_v4,A,138,LEU,36.934139251709000,20.67633628845220,95.01000213623050
AF-Q9BTT0-F1-model_v4,A,139,LEU,0.23513558506965600,0.1316327452659610,94.98999786376950
AF-Q9BTT0-F1-model_v4,A,140,GLN,150.65879821777300,84.4026870727539,93.31000518798830
AF-Q9BTT0-F1-model_v4,A,141,GLN,49.560386657714800,27.764923095703100,93.41000366210940
AF-Q9BTT0-F1-model_v4,A,142,ILE,7.982829570770260,4.558491230010990,95.25
AF-Q9BTT0-F1-model_v4,A,143,THR,64.65219116210940,46.42219161987310,95.41999816894530
AF-Q9BTT0-F1-model_v4,A,144,TYR,48.197731018066400,22.653568267822300,96.58999633789060
AF-Q9BTT0-F1-model_v4,A,145,LEU,0.0,0.0,96.65999603271480
AF-Q9BTT0-F1-model_v4,A,146,ASP,30.56144905090330,21.768964767456100,95.25999450683590
AF-Q9BTT0-F1-model_v4,A,147,GLY,24.600969314575200,30.71282196044920,93.1199951171875
AF-Q9BTT0-F1-model_v4,A,148,PHE,85.5618896484375,42.89246368408200,95.41999816894530
AF-Q9BTT0-F1-model_v4,A,149,ASP,24.937355041503900,17.762914657592800,94.84000396728520
AF-Q9BTT0-F1-model_v4,A,150,GLN,126.94871520996100,71.1197280883789,92.34000396728520
AF-Q9BTT0-F1-model_v4,A,151,GLU,145.8397216796880,84.66747283935550,92.91999816894530
AF-Q9BTT0-F1-model_v4,A,152,ASP,106.53244018554700,75.88320922851560,92.7699966430664
AF-Q9BTT0-F1-model_v4,A,153,ASN,76.4893798828125,53.13976287841800,93.84000396728520
AF-Q9BTT0-F1-model_v4,A,154,GLU,136.29425048828100,79.1258316040039,92.75999450683590
AF-Q9BTT0-F1-model_v4,A,155,ALA,29.194862365722700,27.044803619384800,89.30000305175780
AF-Q9BTT0-F1-model_v4,A,156,PRO,61.765045166015600,45.372100830078100,86.18999481201170
AF-Q9BTT0-F1-model_v4,A,157,ASP,153.697998046875,109.47930908203100,69.0999984741211
AF-Q9BTT0-F1-model_v4,A,158,SER,82.20016479492190,70.5580825805664,56.849998474121100
AF-Q9BTT0-F1-model_v4,A,159,GLU,173.4444580078130,100.69344329834000,52.04999923706060
AF-Q9BTT0-F1-model_v4,A,160,GLU,163.42266845703100,94.87528228759770,50.12999725341800
AF-Q9BTT0-F1-model_v4,A,161,GLU,121.42697143554700,70.49461364746090,51.66999816894530
AF-Q9BTT0-F1-model_v4,A,162,ASP,72.23429107666020,51.45259094238280,53.62999725341800
AF-Q9BTT0-F1-model_v4,A,163,ASP,147.45697021484400,105.0338134765630,54.30999755859380
AF-Q9BTT0-F1-model_v4,A,164,GLU,169.52362060546900,98.41719818115230,53.15999984741210
AF-Q9BTT0-F1-model_v4,A,165,ASP,110.93122863769500,79.0164794921875,55.34000015258790
AF-Q9BTT0-F1-model_v4,A,166,GLY,56.48914337158200,70.52327728271480,46.63999938964840
AF-Q9BTT0-F1-model_v4,A,167,ASP,163.62408447265600,116.54966735839800,50.6099967956543
AF-Q9BTT0-F1-model_v4,A,168,GLU,150.74130249023400,87.51309204101560,49.790000915527300
AF-Q9BTT0-F1-model_v4,A,169,ASP,135.32550048828100,96.39254760742190,50.980003356933600
AF-Q9BTT0-F1-model_v4,A,170,ASP,150.30624389648400,107.0633544921880,53.119998931884800
AF-Q9BTT0-F1-model_v4,A,171,GLU,161.69277954101600,93.8709945678711,53.63999938964840
AF-Q9BTT0-F1-model_v4,A,172,GLU,156.87136840820300,91.07190704345700,54.46000289916990
AF-Q9BTT0-F1-model_v4,A,173,GLU,162.04693603515600,94.07659912109380,53.25
AF-Q9BTT0-F1-model_v4,A,174,GLU,135.45562744140600,78.63896942138670,56.09000015258790
AF-Q9BTT0-F1-model_v4,A,175,GLU,156.41046142578100,90.80432891845700,53.380001068115200
AF-Q9BTT0-F1-model_v4,A,176,ASN,123.64144897460900,85.89790344238280,54.27000045776370
AF-Q9BTT0-F1-model_v4,A,177,GLU,166.5191650390630,96.6729507446289,56.45000076293950
AF-Q9BTT0-F1-model_v4,A,178,ALA,93.92410278320310,87.00704956054690,53.27000045776370
AF-Q9BTT0-F1-model_v4,A,179,GLY,74.28866577148440,92.74490356445310,50.04999923706060
AF-Q9BTT0-F1-model_v4,A,180,PRO,125.16966247558600,91.94862365722660,55.34000015258790
AF-Q9BTT0-F1-model_v4,A,181,PRO,123.97846984863300,91.07357788085940,52.220001220703100
AF-Q9BTT0-F1-model_v4,A,182,GLU,164.859375,95.70935821533200,53.480003356933600
AF-Q9BTT0-F1-model_v4,A,183,GLY,54.651512145996100,68.2291030883789,50.480003356933600
AF-Q9BTT0-F1-model_v4,A,184,TYR,192.08056640625,90.2803955078125,56.470001220703100
AF-Q9BTT0-F1-model_v4,A,185,GLU,154.38262939453100,89.62706756591800,49.38999938964840
AF-Q9BTT0-F1-model_v4,A,186,GLU,160.3483123779300,93.0904541015625,51.480003356933600
AF-Q9BTT0-F1-model_v4,A,187,GLU,150.6510009765630,87.4606704711914,50.45000076293950
AF-Q9BTT0-F1-model_v4,A,188,GLU,155.21893310546900,90.11259460449220,49.76000213623050
AF-Q9BTT0-F1-model_v4,A,189,GLU,175.63011169433600,101.96232604980500,51.86000061035160
AF-Q9BTT0-F1-model_v4,A,190,GLU,167.77406311035200,97.4014892578125,47.65999984741210
AF-Q9BTT0-F1-model_v4,A,191,GLU,176.06468200683600,102.2146224975590,53.470001220703100
AF-Q9BTT0-F1-model_v4,A,192,GLU,167.4697723388670,97.2248306274414,48.029998779296900
AF-Q9BTT0-F1-model_v4,A,193,GLU,170.5164031982420,98.99356079101560,58.62999725341800
AF-Q9BTT0-F1-model_v4,A,194,GLU,157.77735900878900,91.59788513183590,48.689998626709000
AF-Q9BTT0-F1-model_v4,A,195,ASP,135.89688110351600,96.79954528808590,57.040000915527300
AF-Q9BTT0-F1-model_v4,A,196,GLU,170.52792358398400,99.000244140625,52.31999969482420
AF-Q9BTT0-F1-model_v4,A,197,ASP,135.9044952392580,96.80496978759770,52.0099983215332
AF-Q9BTT0-F1-model_v4,A,198,GLU,182.60354614257800,106.01077270507800,56.18000030517580
AF-Q9BTT0-F1-model_v4,A,199,ASP,137.49496459960900,97.9378662109375,52.42000198364260
AF-Q9BTT0-F1-model_v4,A,200,GLU,180.52517700195300,104.80416870117200,55.70000076293950
AF-Q9BTT0-F1-model_v4,A,201,ASP,140.6246795654300,100.16716766357400,51.5
AF-Q9BTT0-F1-model_v4,A,202,GLU,177.57785034179700,103.09308624267600,58.540000915527300
AF-Q9BTT0-F1-model_v4,A,203,ASP,146.18255615234400,104.12604522705100,51.13999938964840
AF-Q9BTT0-F1-model_v4,A,204,GLU,182.63629150390600,106.02976989746100,56.16999816894530
AF-Q9BTT0-F1-model_v4,A,205,ALA,105.65477752685500,97.87380981445310,49.28000259399410
AF-Q9BTT0-F1-model_v4,A,206,GLY,68.63673400878910,85.68880462646480,52.290000915527300
AF-Q9BTT0-F1-model_v4,A,207,SER,108.29126739502000,92.9538803100586,53.31999969482420
AF-Q9BTT0-F1-model_v4,A,208,GLU,143.43417358398400,83.27092742919920,54.81999969482420
AF-Q9BTT0-F1-model_v4,A,209,LEU,170.48919677734400,95.44264221191410,48.22999954223630
AF-Q9BTT0-F1-model_v4,A,210,GLY,79.8092041015625,99.636962890625,46.900001525878900
AF-Q9BTT0-F1-model_v4,A,211,GLU,186.3349609375,108.17704010009800,48.619998931884800
AF-Q9BTT0-F1-model_v4,A,212,GLY,77.65708923339840,96.9501724243164,47.380001068115200
AF-Q9BTT0-F1-model_v4,A,213,GLU,166.85989379882800,96.87076568603520,51.81999969482420
AF-Q9BTT0-F1-model_v4,A,214,GLU,173.6810760498050,100.83081817627000,52.27000045776370
AF-Q9BTT0-F1-model_v4,A,215,GLU,166.88912963867200,96.88774108886720,57.400001525878900
AF-Q9BTT0-F1-model_v4,A,216,VAL,152.7574920654300,100.86997985839800,56.54999923706060
AF-Q9BTT0-F1-model_v4,A,217,GLY,56.073978424072300,70.00496673583980,55.66999816894530
AF-Q9BTT0-F1-model_v4,A,218,LEU,185.7616424560550,103.99240112304700,55.72999954223630
AF-Q9BTT0-F1-model_v4,A,219,SER,94.04087829589840,80.72178649902340,59.1099967956543
AF-Q9BTT0-F1-model_v4,A,220,TYR,208.78921508789100,98.13368225097660,56.84000015258790
AF-Q9BTT0-F1-model_v4,A,221,LEU,173.58798217773400,97.1773910522461,55.79999923706060
AF-Q9BTT0-F1-model_v4,A,222,MET,176.839599609375,91.0840072631836,55.81999969482420
AF-Q9BTT0-F1-model_v4,A,223,LYS,169.6936492919920,84.50457763671880,53.56999969482420
AF-Q9BTT0-F1-model_v4,A,224,GLU,156.9034881591800,91.09056091308590,52.0
AF-Q9BTT0-F1-model_v4,A,225,GLU,151.8404541015630,88.15120697021480,52.7400016784668
AF-Q9BTT0-F1-model_v4,A,226,ILE,142.15573120117200,81.17618560791020,54.66999816894530
AF-Q9BTT0-F1-model_v4,A,227,GLN,162.074951171875,90.79829406738280,52.65999984741210
AF-Q9BTT0-F1-model_v4,A,228,ASP,130.31829833984400,92.82591247558590,58.5
AF-Q9BTT0-F1-model_v4,A,229,GLU,160.42552185058600,93.1352767944336,56.36000061035160
AF-Q9BTT0-F1-model_v4,A,230,GLU,170.7958984375,99.15582275390630,50.96000289916990
AF-Q9BTT0-F1-model_v4,A,231,ASP,149.50411987304700,106.49200439453100,58.529998779296900
AF-Q9BTT0-F1-model_v4,A,232,ASP,141.36715698242200,100.69602966308600,54.32999801635740
AF-Q9BTT0-F1-model_v4,A,233,ASP,134.12496948242200,95.53741455078130,58.96000289916990
AF-Q9BTT0-F1-model_v4,A,234,ASP,137.75404357910200,98.12240600585940,54.869998931884800
AF-Q9BTT0-F1-model_v4,A,235,TYR,198.0384063720700,93.08065795898440,63.980003356933600
AF-Q9BTT0-F1-model_v4,A,236,VAL,135.16030883789100,89.25006866455080,49.26000213623050
AF-Q9BTT0-F1-model_v4,A,237,GLU,153.89056396484400,89.34140014648440,59.14999771118160
AF-Q9BTT0-F1-model_v4,A,238,GLU,162.71875,94.46662139892580,46.86000061035160
AF-Q9BTT0-F1-model_v4,A,239,GLY,74.37495422363280,92.85263061523440,45.2400016784668
AF-Q9BTT0-F1-model_v4,A,240,GLU,166.7904815673830,96.8304672241211,45.58000183105470
AF-Q9BTT0-F1-model_v4,A,241,GLU,168.08834838867200,97.58394622802730,47.529998779296900
AF-Q9BTT0-F1-model_v4,A,242,GLU,159.44464111328100,92.56582641601560,46.480003356933600
AF-Q9BTT0-F1-model_v4,A,243,GLU,157.8927764892580,91.6648941040039,48.540000915527300
AF-Q9BTT0-F1-model_v4,A,244,GLU,138.20335388183600,80.23416900634770,49.20000076293950
AF-Q9BTT0-F1-model_v4,A,245,GLU,148.41197204589800,86.16079711914060,49.4900016784668
AF-Q9BTT0-F1-model_v4,A,246,GLU,148.43453979492200,86.17389678955080,49.529998779296900
AF-Q9BTT0-F1-model_v4,A,247,GLU,171.3462677001950,99.47533416748050,47.64999771118160
AF-Q9BTT0-F1-model_v4,A,248,GLY,79.15788269042970,98.8238296508789,42.82999801635740
AF-Q9BTT0-F1-model_v4,A,249,GLY,73.27818298339840,91.4833755493164,40.15999984741210
AF-Q9BTT0-F1-model_v4,A,250,LEU,173.20962524414100,96.96558380126950,46.25
AF-Q9BTT0-F1-model_v4,A,251,ARG,241.55299377441400,101.16979217529300,40.27000045776370
AF-Q9BTT0-F1-model_v4,A,252,GLY,71.82474517822270,89.6688461303711,47.0
AF-Q9BTT0-F1-model_v4,A,253,GLU,159.3624725341800,92.51812744140630,50.02000045776370
AF-Q9BTT0-F1-model_v4,A,254,LYS,195.2041473388670,97.20838165283200,46.75
AF-Q9BTT0-F1-model_v4,A,255,ARG,225.6063690185550,94.49085235595700,52.970001220703100
AF-Q9BTT0-F1-model_v4,A,256,LYS,186.83291625976600,93.0396499633789,52.43000030517580
AF-Q9BTT0-F1-model_v4,A,257,ARG,215.60467529296900,90.30184173583980,44.20000076293950
AF-Q9BTT0-F1-model_v4,A,258,ASP,128.6322479248050,91.62493896484380,52.64999771118160
AF-Q9BTT0-F1-model_v4,A,259,ALA,81.87554168701170,75.8458023071289,51.77000045776370
AF-Q9BTT0-F1-model_v4,A,260,GLU,179.9613494873050,104.47683715820300,50.72999954223630
AF-Q9BTT0-F1-model_v4,A,261,ASP,149.38772583007800,106.40909576416000,62.970001220703100
AF-Q9BTT0-F1-model_v4,A,262,ASP,148.03408813476600,105.44489288330100,55.0099983215332
AF-Q9BTT0-F1-model_v4,A,263,GLY,69.679931640625,86.99118041992190,59.28000259399410
AF-Q9BTT0-F1-model_v4,A,264,GLU,163.2963409423830,94.80194091796880,55.56999969482420
AF-Q9BTT0-F1-model_v4,A,265,GLU,162.3800811767580,94.27000427246090,50.480003356933600
AF-Q9BTT0-F1-model_v4,A,266,GLU,159.64627075195300,92.6828842163086,59.26000213623050
AF-Q9BTT0-F1-model_v4,A,267,ASP,140.36581420898400,99.98277282714840,64.41999816894530
AF-Q9BTT0-F1-model_v4,A,268,ASP,215.1890106201170,153.27944946289100,61.290000915527300
