structure,chain,residue_number,residue_name,asa_abs,asa_rel
AF-Q9NYJ1-F1-model_v4,A,1,MET,244.4840850830080,125.92536163330100
AF-Q9NYJ1-F1-model_v4,A,2,SER,108.63142395019500,93.24585723876950
AF-Q9NYJ1-F1-model_v4,A,3,THR,129.77244567871100,93.18047332763670
AF-Q9NYJ1-F1-model_v4,A,4,SER,115.88982391357400,99.47624206542970
AF-Q9NYJ1-F1-model_v4,A,5,VAL,129.77340698242200,85.69294738769530
AF-Q9NYJ1-F1-model_v4,A,6,PRO,120.5059814453130,88.52272033691410
AF-Q9NYJ1-F1-model_v4,A,7,GLN,183.07879638671900,102.56515502929700
AF-Q9NYJ1-F1-model_v4,A,8,GLY,58.10280227661130,72.53783416748050
AF-Q9NYJ1-F1-model_v4,A,9,HIS,142.9771270751950,78.18084716796880
AF-Q9NYJ1-F1-model_v4,A,10,THR,120.63064575195300,86.61638641357420
AF-Q9NYJ1-F1-model_v4,A,11,TRP,217.23617553710900,87.11749267578130
AF-Q9NYJ1-F1-model_v4,A,12,THR,113.19508361816400,81.27742767333980
AF-Q9NYJ1-F1-model_v4,A,13,GLN,145.99415588378900,81.78944396972660
AF-Q9NYJ1-F1-model_v4,A,14,ARG,184.77105712890600,77.38777923583980
AF-Q9NYJ1-F1-model_v4,A,15,VAL,125.928466796875,83.1540298461914
AF-Q9NYJ1-F1-model_v4,A,16,LYS,135.29925537109400,67.37674713134770
AF-Q9NYJ1-F1-model_v4,A,17,LYS,162.9917755126950,81.16716003417970
AF-Q9NYJ1-F1-model_v4,A,18,ASP,96.16970825195310,68.50182342529300
AF-Q9NYJ1-F1-model_v4,A,19,ASP,141.9783935546880,101.13141632080100
AF-Q9NYJ1-F1-model_v4,A,20,GLU,136.72726440429700,79.3772201538086
AF-Q9NYJ1-F1-model_v4,A,21,GLU,125.41344451904300,72.80896759033200
AF-Q9NYJ1-F1-model_v4,A,22,GLU,123.32687377929700,71.59760284423830
AF-Q9NYJ1-F1-model_v4,A,23,ASP,75.95610046386720,54.103641510009800
AF-Q9NYJ1-F1-model_v4,A,24,PRO,90.42070007324220,66.42230987548830
AF-Q9NYJ1-F1-model_v4,A,25,LEU,109.63334655761700,61.37453842163090
AF-Q9NYJ1-F1-model_v4,A,26,ASP,66.02188873291020,47.02748489379880
AF-Q9NYJ1-F1-model_v4,A,27,GLN,70.01891326904300,39.226280212402300
AF-Q9NYJ1-F1-model_v4,A,28,LEU,113.29383850097700,63.42374801635740
AF-Q9NYJ1-F1-model_v4,A,29,ILE,8.209768295288090,4.688081741333010
AF-Q9NYJ1-F1-model_v4,A,30,SER,74.63854217529300,64.06742095947270
AF-Q9NYJ1-F1-model_v4,A,31,ARG,199.22569274902300,83.44182586669920
AF-Q9NYJ1-F1-model_v4,A,32,SER,12.245168685913100,10.51087474823000
AF-Q9NYJ1-F1-model_v4,A,33,GLY,64.97727966308590,81.12020111083980
AF-Q9NYJ1-F1-model_v4,A,34,CYS,1.1794968843460100,0.8783860802650450
AF-Q9NYJ1-F1-model_v4,A,35,ALA,25.789657592773400,23.89037322998050
AF-Q9NYJ1-F1-model_v4,A,36,ALA,81.81929016113280,75.79369354248050
AF-Q9NYJ1-F1-model_v4,A,37,SER,20.77522087097170,17.832807540893600
AF-Q9NYJ1-F1-model_v4,A,38,HIS,29.443073272705100,16.099666595459000
AF-Q9NYJ1-F1-model_v4,A,39,PHE,129.06655883789100,64.70149993896480
AF-Q9NYJ1-F1-model_v4,A,40,ALA,43.24119567871090,40.05669021606450
AF-Q9NYJ1-F1-model_v4,A,41,VAL,25.872650146484400,17.084423065185500
AF-Q9NYJ1-F1-model_v4,A,42,GLN,80.36267852783200,45.0211067199707
AF-Q9NYJ1-F1-model_v4,A,43,GLU,117.36412048339800,68.13591766357420
AF-Q9NYJ1-F1-model_v4,A,44,CYS,9.26239013671875,6.897818088531490
AF-Q9NYJ1-F1-model_v4,A,45,MET,65.16294860839840,33.56319808959960
AF-Q9NYJ1-F1-model_v4,A,46,ALA,72.37670135498050,67.0465087890625
AF-Q9NYJ1-F1-model_v4,A,47,GLN,133.01904296875,74.52047729492190
AF-Q9NYJ1-F1-model_v4,A,48,HIS,79.17140197753910,43.291446685791000
AF-Q9NYJ1-F1-model_v4,A,49,GLN,149.93946838378900,83.99970245361330
AF-Q9NYJ1-F1-model_v4,A,50,ASP,49.84977340698240,35.5080680847168
AF-Q9NYJ1-F1-model_v4,A,51,TRP,153.13465881347700,61.411075592041000
AF-Q9NYJ1-F1-model_v4,A,52,ARG,166.16818237304700,69.59632873535160
AF-Q9NYJ1-F1-model_v4,A,53,GLN,103.24285888671900,57.83913803100590
AF-Q9NYJ1-F1-model_v4,A,54,CYS,0.0,0.0
AF-Q9NYJ1-F1-model_v4,A,55,GLN,104.71791076660200,58.665496826171900
AF-Q9NYJ1-F1-model_v4,A,56,PRO,91.51280212402340,67.22456359863280
AF-Q9NYJ1-F1-model_v4,A,57,GLN,56.21806335449220,31.494712829589800
AF-Q9NYJ1-F1-model_v4,A,58,VAL,58.180564880371100,38.41822814941410
AF-Q9NYJ1-F1-model_v4,A,59,GLN,86.70054626464840,48.57173538208010
AF-Q9NYJ1-F1-model_v4,A,60,ALA,51.594810485839800,47.795101165771500
AF-Q9NYJ1-F1-model_v4,A,61,PHE,42.8612060546875,21.486469268798800
AF-Q9NYJ1-F1-model_v4,A,62,LYS,122.354248046875,60.93035888671880
AF-Q9NYJ1-F1-model_v4,A,63,ASP,73.52345275878910,52.37086486816410
AF-Q9NYJ1-F1-model_v4,A,64,CYS,40.01396560668950,29.798900604248000
AF-Q9NYJ1-F1-model_v4,A,65,MET,57.2991943359375,29.512849807739300
AF-Q9NYJ1-F1-model_v4,A,66,SER,61.06092071533200,52.41280746459960
AF-Q9NYJ1-F1-model_v4,A,67,GLU,90.02168273925780,52.26222229003910
AF-Q9NYJ1-F1-model_v4,A,68,GLN,43.43235778808590,24.331851959228500
AF-Q9NYJ1-F1-model_v4,A,69,GLN,108.26683044433600,60.6536865234375
AF-Q9NYJ1-F1-model_v4,A,70,ALA,58.70423889160160,54.38095474243160
AF-Q9NYJ1-F1-model_v4,A,71,ARG,142.1120147705080,59.52086639404300
AF-Q9NYJ1-F1-model_v4,A,72,ARG,125.08407592773400,52.389041900634800
AF-Q9NYJ1-F1-model_v4,A,73,GLN,92.21061706542970,51.658607482910200
AF-Q9NYJ1-F1-model_v4,A,74,GLU,81.3208236694336,47.21092987060550
AF-Q9NYJ1-F1-model_v4,A,75,GLU,112.14583587646500,65.10643005371090
AF-Q9NYJ1-F1-model_v4,A,76,LEU,92.30278778076170,51.67261505126950
AF-Q9NYJ1-F1-model_v4,A,77,GLN,110.29388427734400,61.78929138183590
AF-Q9NYJ1-F1-model_v4,A,78,ARG,137.4193115234380,57.555419921875
AF-Q9NYJ1-F1-model_v4,A,79,ARG,172.5001983642580,72.24836730957030
AF-Q9NYJ1-F1-model_v4,A,80,GLN,120.97850036621100,67.77507019042970
AF-Q9NYJ1-F1-model_v4,A,81,GLU,122.80250549316400,71.29318237304690
AF-Q9NYJ1-F1-model_v4,A,82,GLN,113.75230407714800,63.726783752441400
AF-Q9NYJ1-F1-model_v4,A,83,ALA,63.29081726074220,58.62975311279300
AF-Q9NYJ1-F1-model_v4,A,84,GLY,51.170448303222700,63.883209228515600
AF-Q9NYJ1-F1-model_v4,A,85,ALA,86.11713409423830,79.7750244140625
AF-Q9NYJ1-F1-model_v4,A,86,HIS,165.313232421875,90.39437103271480
AF-Q9NYJ1-F1-model_v4,A,87,HIS,223.115234375,122.00088500976600