structure,chain,residue_number,residue_name,asa_abs,asa_rel,plDDT
AF-Q14592-F1-model_v4,A,1,MET,250.41143798828100,128.97833251953100,36.34000015258790
AF-Q14592-F1-model_v4,A,2,ALA,108.30274200439500,100.32676696777300,34.619998931884800
AF-Q14592-F1-model_v4,A,3,ALA,96.60303497314450,89.48868560791020,38.29999923706060
AF-Q14592-F1-model_v4,A,4,ALA,90.69122314453130,84.01225280761720,38.220001220703100
AF-Q14592-F1-model_v4,A,5,TRP,256.3406677246090,102.79943084716800,34.64999771118160
AF-Q14592-F1-model_v4,A,6,MET,179.50009155273400,92.45433807373050,34.26000213623050
AF-Q14592-F1-model_v4,A,7,ALA,88.90461730957030,82.35722351074220,37.119998931884800
AF-Q14592-F1-model_v4,A,8,PRO,125.00067901611300,91.82449340820310,40.08000183105470
AF-Q14592-F1-model_v4,A,9,ALA,96.88070678710940,89.74591064453130,39.34000015258790
AF-Q14592-F1-model_v4,A,10,GLN,180.7711181640630,101.27233123779300,43.16999816894530
AF-Q14592-F1-model_v4,A,11,GLU,165.69320678710900,96.19344329833980,48.970001220703100
AF-Q14592-F1-model_v4,A,12,SER,72.23287200927730,62.00246810913090,59.65999984741210
AF-Q14592-F1-model_v4,A,13,VAL,82.03688049316410,54.17121124267580,65.70999908447270
AF-Q14592-F1-model_v4,A,14,THR,53.05622100830080,38.095943450927700,75.05999755859380
AF-Q14592-F1-model_v4,A,15,PHE,68.10343933105470,34.14048385620120,70.04000091552730
AF-Q14592-F1-model_v4,A,16,GLU,142.37283325195300,82.65476989746090,71.75999450683590
AF-Q14592-F1-model_v4,A,17,ASP,100.60675048828100,71.66233825683590,73.73999786376950
AF-Q14592-F1-model_v4,A,18,VAL,64.26548767089840,42.4362678527832,75.91000366210940
AF-Q14592-F1-model_v4,A,19,ALA,20.832931518554700,19.298686981201200,75.61000061035160
AF-Q14592-F1-model_v4,A,20,VAL,86.95393371582030,57.41807174682620,79.01000213623050
AF-Q14592-F1-model_v4,A,21,THR,113.74812316894500,81.6745376586914,73.18000030517580
AF-Q14592-F1-model_v4,A,22,PHE,73.41075897216800,36.801063537597700,71.25
AF-Q14592-F1-model_v4,A,23,THR,80.24028778076170,57.61491012573240,72.85000610351560
AF-Q14592-F1-model_v4,A,24,GLN,117.28169250488300,65.70403289794920,52.25
AF-Q14592-F1-model_v4,A,25,GLU,140.00350952148400,81.27925109863280,61.62999725341800
AF-Q14592-F1-model_v4,A,26,GLU,80.97571563720700,47.01057434082030,72.56999969482420
AF-Q14592-F1-model_v4,A,27,TRP,84.46753692626950,33.87372970581060,77.0999984741211
AF-Q14592-F1-model_v4,A,28,GLY,53.049415588378900,66.22898864746090,67.13999938964840
AF-Q14592-F1-model_v4,A,29,GLN,148.54833984375,83.2203598022461,76.47000122070310
AF-Q14592-F1-model_v4,A,30,LEU,31.052852630615200,17.383895874023400,73.91000366210940
AF-Q14592-F1-model_v4,A,31,ASP,72.91973876953130,51.940834045410200,76.78999328613280
AF-Q14592-F1-model_v4,A,32,VAL,122.88361358642600,81.1434326171875,63.369998931884800
AF-Q14592-F1-model_v4,A,33,THR,100.98335266113300,72.50904083251950,69.5
AF-Q14592-F1-model_v4,A,34,GLN,84.20882415771480,47.175811767578100,67.05999755859380
AF-Q14592-F1-model_v4,A,35,ARG,81.42737579345700,34.104278564453100,75.4000015258789
AF-Q14592-F1-model_v4,A,36,ALA,53.215362548828100,49.29630661010740,63.709999084472700
AF-Q14592-F1-model_v4,A,37,LEU,107.82783508300800,60.36378860473630,73.66999816894530
AF-Q14592-F1-model_v4,A,38,TYR,52.487815856933600,24.669963836669900,78.13999938964840
AF-Q14592-F1-model_v4,A,39,VAL,74.98379516601560,49.51386260986330,72.5
AF-Q14592-F1-model_v4,A,40,GLU,113.34461212158200,65.8023910522461,66.08999633789060
AF-Q14592-F1-model_v4,A,41,VAL,71.95912170410160,47.51658630371090,72.35000610351560
AF-Q14592-F1-model_v4,A,42,MET,21.534587860107400,11.091727256774900,78.5999984741211
AF-Q14592-F1-model_v4,A,43,LEU,121.07703399658200,67.7809066772461,66.84000396728520
AF-Q14592-F1-model_v4,A,44,GLU,120.35447692871100,69.8719711303711,73.0199966430664
AF-Q14592-F1-model_v4,A,45,THR,14.601696968078600,10.484452247619600,68.87000274658200
AF-Q14592-F1-model_v4,A,46,CYS,51.95222473144530,38.68947219848630,68.68000030517580
AF-Q14592-F1-model_v4,A,47,GLY,41.37623596191410,51.65572738647460,69.93000030517580
AF-Q14592-F1-model_v4,A,48,LEU,110.67572021484400,61.95808029174810,73.08000183105470
AF-Q14592-F1-model_v4,A,49,LEU,18.326940536499000,10.259721755981400,66.02999877929690
AF-Q14592-F1-model_v4,A,50,VAL,115.76264953613300,76.4412612915039,67.65999603271480
AF-Q14592-F1-model_v4,A,51,ALA,84.63021087646480,78.39759826660160,68.06999969482420
AF-Q14592-F1-model_v4,A,52,LEU,139.45245361328100,78.06776428222660,64.18000030517580
AF-Q14592-F1-model_v4,A,53,GLY,59.16868591308590,73.86852264404300,47.790000915527300
AF-Q14592-F1-model_v4,A,54,ASP,60.39031219482420,43.01610565185550,41.64999771118160
AF-Q14592-F1-model_v4,A,55,SER,108.29291534423800,92.95529174804690,33.619998931884800
AF-Q14592-F1-model_v4,A,56,THR,97.02932739257810,69.66993713378910,34.5099983215332
AF-Q14592-F1-model_v4,A,57,LYS,170.44305419921900,84.87776947021480,33.31999969482420
AF-Q14592-F1-model_v4,A,58,PRO,109.77810668945300,80.6421127319336,30.170000076293900
AF-Q14592-F1-model_v4,A,59,GLU,157.3666534423830,91.35945129394530,27.23000144958500
AF-Q14592-F1-model_v4,A,60,THR,115.82249450683600,83.16398620605470,28.200000762939500
AF-Q14592-F1-model_v4,A,61,VAL,133.63604736328100,88.2435531616211,28.149999618530300
AF-Q14592-F1-model_v4,A,62,GLU,143.2736053466800,83.1777114868164,25.600000381469700
AF-Q14592-F1-model_v4,A,63,PRO,115.97842407226600,85.19680786132810,31.829999923706100
AF-Q14592-F1-model_v4,A,64,ILE,114.32281494140600,65.28256225585940,28.690000534057600
AF-Q14592-F1-model_v4,A,65,PRO,83.39578247070310,61.26186752319340,26.369998931884800
AF-Q14592-F1-model_v4,A,66,SER,119.20433044433600,102.3213119506840,34.34000015258790
AF-Q14592-F1-model_v4,A,67,HIS,142.6580352783200,78.00636291503910,33.93000030517580
AF-Q14592-F1-model_v4,A,68,LEU,121.93040466308600,68.25863647460940,26.31999969482420
AF-Q14592-F1-model_v4,A,69,ALA,89.69284057617190,83.08739471435550,26.049999237060500
AF-Q14592-F1-model_v4,A,70,LEU,173.1318817138670,96.92205810546880,27.969999313354500
AF-Q14592-F1-model_v4,A,71,PRO,110.58988952636700,81.23843383789060,30.969999313354500
AF-Q14592-F1-model_v4,A,72,GLU,161.81202697753900,93.94021606445310,28.440000534057600
AF-Q14592-F1-model_v4,A,73,GLU,175.89520263671900,102.11622619628900,30.34000015258790
AF-Q14592-F1-model_v4,A,74,VAL,138.59703063964800,91.5194320678711,26.299999237060500
AF-Q14592-F1-model_v4,A,75,SER,90.37831115722660,77.57794952392580,27.540000915527300
AF-Q14592-F1-model_v4,A,76,LEU,144.98614501953100,81.16561889648440,28.190000534057600
AF-Q14592-F1-model_v4,A,77,GLN,158.7158203125,88.91642761230470,28.280000686645500
AF-Q14592-F1-model_v4,A,78,GLU,142.09136962890600,82.49136352539060,28.010000228881800
AF-Q14592-F1-model_v4,A,79,GLN,182.04385375976600,101.98534393310500,30.389999389648400
AF-Q14592-F1-model_v4,A,80,LEU,160.947998046875,90.10132598876950,24.130001068115200
AF-Q14592-F1-model_v4,A,81,ALA,86.18018341064450,79.83342742919920,26.559999465942400
AF-Q14592-F1-model_v4,A,82,GLN,186.5432891845700,104.50604248046900,30.290000915527300
AF-Q14592-F1-model_v4,A,83,GLY,66.89894104003910,83.51927947998050,23.56999969482420
AF-Q14592-F1-model_v4,A,84,VAL,124.34425354003900,82.1079330444336,25.1200008392334
AF-Q14592-F1-model_v4,A,85,PRO,119.54954528808600,87.82012939453130,32.06999969482420
AF-Q14592-F1-model_v4,A,86,ARG,213.588134765625,89.4572525024414,21.90999984741210
AF-Q14592-F1-model_v4,A,87,TYR,217.14639282226600,102.0616683959960,20.889999389648400
AF-Q14592-F1-model_v4,A,88,SER,102.925537109375,88.34809875488280,21.21000099182130
AF-Q14592-F1-model_v4,A,89,TYR,189.67103576660200,89.14788055419920,22.940000534057600
AF-Q14592-F1-model_v4,A,90,LEU,150.99281311035200,84.52825164794920,21.329999923706100
AF-Q14592-F1-model_v4,A,91,GLY,58.15980529785160,72.60899353027340,19.849998474121100
AF-Q14592-F1-model_v4,A,92,GLN,174.602783203125,97.81668853759770,24.59000015258790
AF-Q14592-F1-model_v4,A,93,ALA,99.8704605102539,92.5154800415039,19.989999771118200
AF-Q14592-F1-model_v4,A,94,MET,175.79833984375,90.54769134521480,25.959999084472700
AF-Q14592-F1-model_v4,A,95,ASP,124.49593353271500,88.67863464355470,21.479999542236300
AF-Q14592-F1-model_v4,A,96,GLN,152.41888427734400,85.38873291015630,23.489999771118200
AF-Q14592-F1-model_v4,A,97,ASP,135.16632080078100,96.27916717529300,24.25
AF-Q14592-F1-model_v4,A,98,GLY,70.51409912109380,88.03258514404300,20.940000534057600
AF-Q14592-F1-model_v4,A,99,PRO,130.35704040527300,95.75922393798830,37.92000198364260
AF-Q14592-F1-model_v4,A,100,SER,109.07725524902300,93.6285400390625,33.1099967956543
AF-Q14592-F1-model_v4,A,101,GLU,160.8603515625,93.38772583007810,20.829999923706100
AF-Q14592-F1-model_v4,A,102,MET,184.34274291992200,94.94861602783200,24.8799991607666
AF-Q14592-F1-model_v4,A,103,GLN,159.54818725585900,89.38273620605470,21.979999542236300
AF-Q14592-F1-model_v4,A,104,GLU,145.59268188476600,84.52405548095700,20.35999870300290
AF-Q14592-F1-model_v4,A,105,TYR,200.69065856933600,94.32725524902340,23.59000015258790
AF-Q14592-F1-model_v4,A,106,PHE,175.4510955810550,87.95423126220700,19.100000381469700
AF-Q14592-F1-model_v4,A,107,LEU,169.04010009765600,94.63141632080080,25.5
AF-Q14592-F1-model_v4,A,108,ARG,232.3087158203130,97.29801177978520,23.5
AF-Q14592-F1-model_v4,A,109,PRO,129.85231018066400,95.3884506225586,25.130001068115200
AF-Q14592-F1-model_v4,A,110,GLY,77.28019714355470,96.47964477539060,25.049999237060500
AF-Q14592-F1-model_v4,A,111,THR,132.92584228515600,95.4447021484375,23.65999984741210
AF-Q14592-F1-model_v4,A,112,ASP,120.86222076416000,86.09033203125,22.71000099182130
AF-Q14592-F1-model_v4,A,113,PRO,128.08078002929700,94.08710479736330,25.849998474121100
AF-Q14592-F1-model_v4,A,114,GLN,165.72030639648400,92.84050750732420,24.809999465942400
AF-Q14592-F1-model_v4,A,115,SER,103.08197784423800,88.48238372802730,32.13999938964840
AF-Q14592-F1-model_v4,A,116,GLU,173.64698791503900,100.81102752685500,28.989999771118200
AF-Q14592-F1-model_v4,A,117,LYS,160.16403198242200,79.75899505615230,29.5
AF-Q14592-F1-model_v4,A,118,LEU,178.2436065673830,99.78369140625,29.59000015258790
AF-Q14592-F1-model_v4,A,119,HIS,158.59030151367200,86.71823120117190,29.34000015258790
AF-Q14592-F1-model_v4,A,120,GLY,68.32841491699220,85.30389404296880,28.799999237060500
AF-Q14592-F1-model_v4,A,121,LYS,202.38723754882800,100.78543090820300,27.329999923706100
AF-Q14592-F1-model_v4,A,122,MET,171.31234741210900,88.23711395263670,26.600000381469700
AF-Q14592-F1-model_v4,A,123,SER,100.2572021484380,86.05768585205080,23.1200008392334
AF-Q14592-F1-model_v4,A,124,LEU,152.83575439453100,85.5599594116211,26.56999969482420
AF-Q14592-F1-model_v4,A,125,GLU,146.39474487304700,84.98969268798830,22.14000129699710
AF-Q14592-F1-model_v4,A,126,HIS,177.3003387451170,96.9489974975586,22.809999465942400
AF-Q14592-F1-model_v4,A,127,GLU,171.04734802246100,99.30179595947270,24.780000686645500
AF-Q14592-F1-model_v4,A,128,GLY,83.34984588623050,104.05724334716800,24.84000015258790
AF-Q14592-F1-model_v4,A,129,LEU,150.61056518554700,84.31425476074220,26.34000015258790
AF-Q14592-F1-model_v4,A,130,ALA,97.14274597167970,89.9886474609375,28.220001220703100
AF-Q14592-F1-model_v4,A,131,THR,131.91864013671900,94.72150421142580,28.5
AF-Q14592-F1-model_v4,A,132,ALA,104.58660888671900,96.88430786132810,27.630001068115200
AF-Q14592-F1-model_v4,A,133,ASP,125.90381622314500,89.68147277832030,31.989999771118200
AF-Q14592-F1-model_v4,A,134,GLY,61.394142150878900,76.6468734741211,27.520000457763700
AF-Q14592-F1-model_v4,A,135,ILE,166.04486083984400,94.81776428222660,30.469999313354500
AF-Q14592-F1-model_v4,A,136,CYS,74.05045318603520,55.14630126953130,26.149999618530300
AF-Q14592-F1-model_v4,A,137,SER,96.79998779296880,83.09011840820310,28.73000144958500
AF-Q14592-F1-model_v4,A,138,MET,156.6410675048830,80.6804428100586,23.549999237060500
AF-Q14592-F1-model_v4,A,139,MET,172.39122009277300,88.79280090332030,21.369998931884800
AF-Q14592-F1-model_v4,A,140,ILE,156.74391174316400,89.50657653808590,25.579999923706100
AF-Q14592-F1-model_v4,A,141,GLN,173.2966766357420,97.08497619628910,24.079999923706100
AF-Q14592-F1-model_v4,A,142,ASN,135.35910034179700,94.03855895996090,25.34000015258790
AF-Q14592-F1-model_v4,A,143,GLN,180.93502807617200,101.3641586303710,20.6200008392334
AF-Q14592-F1-model_v4,A,144,VAL,145.09815979003900,95.81230926513670,24.329999923706100
AF-Q14592-F1-model_v4,A,145,SER,96.91889953613280,83.19218444824220,22.290000915527300
AF-Q14592-F1-model_v4,A,146,PRO,126.31495666503900,92.7899398803711,28.899999618530300
AF-Q14592-F1-model_v4,A,147,GLU,167.16567993164100,97.04828643798830,23.510000228881800
AF-Q14592-F1-model_v4,A,148,ASP,141.1421356201170,100.53575134277300,24.270000457763700
AF-Q14592-F1-model_v4,A,149,ALA,96.2796630859375,89.18913269042970,22.270000457763700
AF-Q14592-F1-model_v4,A,150,LEU,154.13706970214800,86.2884521484375,22.23000144958500
AF-Q14592-F1-model_v4,A,151,TYR,198.2705078125,93.18975067138670,23.469999313354500
AF-Q14592-F1-model_v4,A,152,GLY,70.38139343261720,87.86690521240230,22.399999618530300
AF-Q14592-F1-model_v4,A,153,PHE,198.67494201660200,99.59642028808590,23.349998474121100
AF-Q14592-F1-model_v4,A,154,ASP,117.13319396972700,83.43414306640630,24.260000228881800
AF-Q14592-F1-model_v4,A,155,SER,100.27268981933600,86.07097625732420,25.309999465942400
AF-Q14592-F1-model_v4,A,156,TYR,211.6645050048830,99.485107421875,32.16999816894530
AF-Q14592-F1-model_v4,A,157,GLY,49.25834655761720,61.49606704711910,23.389999389648400
AF-Q14592-F1-model_v4,A,158,PRO,123.85763549804700,90.98481750488280,27.90999984741210
AF-Q14592-F1-model_v4,A,159,VAL,132.99850463867200,87.82257080078130,27.34000015258790
AF-Q14592-F1-model_v4,A,160,THR,118.50204467773400,85.0879898071289,24.780000686645500
AF-Q14592-F1-model_v4,A,161,ASP,132.4936065673830,94.3753890991211,26.149999618530300
AF-Q14592-F1-model_v4,A,162,SER,83.55729675292970,71.7229995727539,26.079999923706100
AF-Q14592-F1-model_v4,A,163,LEU,174.3522186279300,97.605224609375,29.25
AF-Q14592-F1-model_v4,A,164,ILE,154.13705444335900,88.0179672241211,28.349998474121100
AF-Q14592-F1-model_v4,A,165,HIS,177.49826049804700,97.0572280883789,26.989999771118200
AF-Q14592-F1-model_v4,A,166,GLU,182.11117553710900,105.72492218017600,24.18000030517580
AF-Q14592-F1-model_v4,A,167,GLY,60.237205505371100,75.20250701904300,28.75
AF-Q14592-F1-model_v4,A,168,GLU,177.20925903320300,102.87910461425800,31.309999465942400
AF-Q14592-F1-model_v4,A,169,ASN,92.02388763427730,63.93211364746090,32.290000915527300
AF-Q14592-F1-model_v4,A,170,SER,102.63380432128900,88.09768676757810,28.100000381469700
AF-Q14592-F1-model_v4,A,171,TYR,189.83218383789100,89.2236328125,29.65999984741210
AF-Q14592-F1-model_v4,A,172,LYS,132.3490447998050,65.90760040283200,30.190000534057600
AF-Q14592-F1-model_v4,A,173,PHE,108.72144317627000,54.50242614746090,27.510000228881800
AF-Q14592-F1-model_v4,A,174,GLU,154.875732421875,89.91334533691410,26.5
AF-Q14592-F1-model_v4,A,175,GLU,113.3293228149410,65.79351043701170,31.170000076293900
AF-Q14592-F1-model_v4,A,176,MET,98.92129516601560,50.95096206665040,27.989999771118200
AF-Q14592-F1-model_v4,A,177,PHE,134.2950897216800,67.32258605957030,28.280000686645500
AF-Q14592-F1-model_v4,A,178,ASN,132.60928344726600,92.12816619873050,30.549999237060500
AF-Q14592-F1-model_v4,A,179,GLU,151.22457885742200,87.79366302490230,31.369998931884800
AF-Q14592-F1-model_v4,A,180,ASN,120.24722290039100,83.53982543945310,31.75
AF-Q14592-F1-model_v4,A,181,CYS,72.17395782470700,53.74885177612310,35.79999923706060
AF-Q14592-F1-model_v4,A,182,PHE,199.98175048828100,100.25153350830100,34.540000915527300
AF-Q14592-F1-model_v4,A,183,LEU,90.60040283203130,50.71958923339840,34.40999984741210
AF-Q14592-F1-model_v4,A,184,VAL,115.84295654296900,76.4942855834961,35.0
AF-Q14592-F1-model_v4,A,185,GLN,144.38458251953100,80.88772583007810,34.5
AF-Q14592-F1-model_v4,A,186,HIS,151.35159301757800,82.76005554199220,35.78000259399410
AF-Q14592-F1-model_v4,A,187,GLU,150.19940185546900,87.198486328125,31.149999618530300
AF-Q14592-F1-model_v4,A,188,GLN,165.8492431640630,92.9127426147461,35.52000045776370
AF-Q14592-F1-model_v4,A,189,ILE,170.55435180664100,97.39285278320310,35.970001220703100
AF-Q14592-F1-model_v4,A,190,LEU,132.2989501953130,74.06311798095700,41.80999755859380
AF-Q14592-F1-model_v4,A,191,PRO,125.46448516845700,92.16519927978520,55.349998474121100
AF-Q14592-F1-model_v4,A,192,ARG,230.6099395751950,96.58650970458980,53.16999816894530
AF-Q14592-F1-model_v4,A,193,VAL,80.78714752197270,53.345977783203100,65.1199951171875
AF-Q14592-F1-model_v4,A,194,LYS,118.68927764892600,59.10526657104490,75.25
AF-Q14592-F1-model_v4,A,195,PRO,53.42686080932620,39.24694061279300,78.7199935913086
AF-Q14592-F1-model_v4,A,196,TYR,51.882911682128900,24.385652542114300,82.62999725341800
AF-Q14592-F1-model_v4,A,197,ASP,85.55030059814450,60.93760299682620,81.1199951171875
AF-Q14592-F1-model_v4,A,198,CYS,0.7140243053436280,0.5317428708076480,86.31000518798830
AF-Q14592-F1-model_v4,A,199,PRO,119.31795501709000,87.65000915527340,82.65999603271480
AF-Q14592-F1-model_v4,A,200,GLU,99.40719604492190,57.71099853515630,79.47000122070310
AF-Q14592-F1-model_v4,A,201,CYS,55.45711135864260,41.29960632324220,86.22999572753910
AF-Q14592-F1-model_v4,A,202,GLY,59.59558868408200,74.4014892578125,84.05000305175780
AF-Q14592-F1-model_v4,A,203,LYS,114.71339416503900,57.125343322753900,84.9800033569336
AF-Q14592-F1-model_v4,A,204,ALA,31.981924057006800,29.626611709594700,83.08000183105470
AF-Q14592-F1-model_v4,A,205,PHE,41.53266906738280,20.82046890258790,83.20999908447270
AF-Q14592-F1-model_v4,A,206,GLY,44.74018096923830,55.855403900146500,86.6199951171875
AF-Q14592-F1-model_v4,A,207,LYS,114.63280487060500,57.085208892822300,86.65999603271480
AF-Q14592-F1-model_v4,A,208,SER,27.588088989257800,23.680763244628900,85.91999816894530
AF-Q14592-F1-model_v4,A,209,LYS,132.04005432128900,65.75373077392580,86.20999908447270
AF-Q14592-F1-model_v4,A,210,HIS,89.998779296875,49.21192932128910,87.38999938964840
AF-Q14592-F1-model_v4,A,211,LEU,35.95671844482420,20.129159927368200,85.91000366210940
AF-Q14592-F1-model_v4,A,212,LEU,49.2774772644043,27.58633804321290,85.94000244140630
AF-Q14592-F1-model_v4,A,213,GLN,44.01920700073240,24.660619735717800,84.81000518798830
AF-Q14592-F1-model_v4,A,214,HIS,13.24988079071050,7.24512243270874,83.51000213623050
AF-Q14592-F1-model_v4,A,215,HIS,59.306358337402300,32.42911148071290,83.45999908447270
AF-Q14592-F1-model_v4,A,216,ILE,17.85255241394040,10.19446849823000,85.0199966430664
AF-Q14592-F1-model_v4,A,217,ILE,108.33885192871100,61.86549758911130,82.94000244140630
AF-Q14592-F1-model_v4,A,218,HIS,64.8134994506836,35.440452575683600,84.05999755859380
AF-Q14592-F1-model_v4,A,219,THR,67.72184753417970,48.62629699707030,84.9800033569336
AF-Q14592-F1-model_v4,A,220,GLY,47.81578063964840,59.695106506347700,81.2699966430664
AF-Q14592-F1-model_v4,A,221,GLU,80.49996948242190,46.73438262939450,83.98999786376950
AF-Q14592-F1-model_v4,A,222,LYS,101.19967651367200,50.3957405090332,86.35000610351560
AF-Q14592-F1-model_v4,A,223,PRO,79.74893188476560,58.58292007446290,85.61000061035160
AF-Q14592-F1-model_v4,A,224,TYR,45.67118835449220,21.466060638427700,89.55999755859380
AF-Q14592-F1-model_v4,A,225,LYS,108.00250244140600,53.78342819213870,90.45000457763670
AF-Q14592-F1-model_v4,A,226,CYS,1.7108070850372300,1.274059534072880,91.28999328613280
AF-Q14592-F1-model_v4,A,227,LEU,165.716552734375,92.77083587646480,89.77999877929690
AF-Q14592-F1-model_v4,A,228,GLU,119.28276062011700,69.24979400634770,86.16999816894530
AF-Q14592-F1-model_v4,A,229,CYS,56.20687484741210,41.85796356201170,90.61000061035160
AF-Q14592-F1-model_v4,A,230,GLY,35.9394416809082,44.86821746826170,88.84000396728520
AF-Q14592-F1-model_v4,A,231,LYS,118.64434814453100,59.082889556884800,89.83000183105470
AF-Q14592-F1-model_v4,A,232,ASP,63.45866394042970,45.201698303222700,88.8800048828125
AF-Q14592-F1-model_v4,A,233,PHE,39.94140625,20.022764205932600,89.55999755859380
AF-Q14592-F1-model_v4,A,234,ASN,37.834014892578100,26.28457260131840,89.20999908447270
AF-Q14592-F1-model_v4,A,235,ARG,102.652587890625,42.994049072265600,87.22999572753910
AF-Q14592-F1-model_v4,A,236,ARG,141.03208923339800,59.06856155395510,90.51000213623050
AF-Q14592-F1-model_v4,A,237,SER,73.77924346923830,63.3298225402832,91.44000244140630
AF-Q14592-F1-model_v4,A,238,HIS,55.39143371582030,30.28840446472170,92.55999755859380
AF-Q14592-F1-model_v4,A,239,LEU,15.583929061889600,8.724139213562010,92.06999969482420
AF-Q14592-F1-model_v4,A,240,THR,63.89581298828130,45.879093170166000,91.7699966430664
AF-Q14592-F1-model_v4,A,241,ARG,80.51847076416020,33.723602294921900,91.93000030517580
AF-Q14592-F1-model_v4,A,242,HIS,25.830888748168900,14.124500274658200,90.86000061035160
AF-Q14592-F1-model_v4,A,243,GLN,74.43445587158200,41.699974060058600,90.33000183105470
AF-Q14592-F1-model_v4,A,244,ARG,70.17585754394530,29.39179801940920,91.08000183105470
AF-Q14592-F1-model_v4,A,245,THR,84.74186706542970,60.84717559814450,88.01000213623050
AF-Q14592-F1-model_v4,A,246,HIS,64.21295166015630,35.11206817626950,89.04000091552730
AF-Q14592-F1-model_v4,A,247,ASN,112.38465881347700,78.07743835449220,87.37000274658200
AF-Q14592-F1-model_v4,A,248,GLY,43.870819091796900,54.77006530761720,85.0
AF-Q14592-F1-model_v4,A,249,ASP,60.949771881103500,43.41461181640630,88.25
AF-Q14592-F1-model_v4,A,250,LYS,98.2640380859375,48.933837890625,90.78999328613280
AF-Q14592-F1-model_v4,A,251,PRO,63.61842727661130,46.73358154296880,89.86000061035160
AF-Q14592-F1-model_v4,A,252,PHE,68.16366577148440,34.170677185058600,94.41999816894530
AF-Q14592-F1-model_v4,A,253,VAL,82.58848571777340,54.53544998168950,93.8800048828125
AF-Q14592-F1-model_v4,A,254,CYS,1.7788207530975300,1.3247101306915300,94.7699966430664
AF-Q14592-F1-model_v4,A,255,SER,108.77906799316400,93.37258911132810,92.51000213623050
AF-Q14592-F1-model_v4,A,256,GLU,124.01115417480500,71.99486541748050,90.20999908447270
AF-Q14592-F1-model_v4,A,257,CYS,55.68159484863280,41.46678161621090,91.91000366210940
AF-Q14592-F1-model_v4,A,258,GLY,46.08987045288090,57.540409088134800,91.12999725341800
AF-Q14592-F1-model_v4,A,259,ARG,143.6781005859380,60.176788330078100,91.94000244140630
AF-Q14592-F1-model_v4,A,260,THR,60.32838439941410,43.317569732666000,92.36000061035160
AF-Q14592-F1-model_v4,A,261,PHE,38.88339614868160,19.49237823486330,92.1199951171875
AF-Q14592-F1-model_v4,A,262,ASN,35.59671401977540,24.730243682861300,91.58000183105470
AF-Q14592-F1-model_v4,A,263,ARG,87.76642608642580,36.75926971435550,91.31000518798830
AF-Q14592-F1-model_v4,A,264,GLY,24.314218521118200,30.354829788208000,92.68000030517580
AF-Q14592-F1-model_v4,A,265,SER,77.16416931152340,66.23533630371090,92.62999725341800
AF-Q14592-F1-model_v4,A,266,HIS,54.133670806884800,29.600650787353500,93.66999816894530
AF-Q14592-F1-model_v4,A,267,LEU,23.85519027709960,13.35452651977540,93.33000183105470
AF-Q14592-F1-model_v4,A,268,THR,79.99605560302730,57.43954086303710,92.68000030517580
AF-Q14592-F1-model_v4,A,269,ARG,100.51374816894500,42.098236083984400,91.68000030517580
AF-Q14592-F1-model_v4,A,270,HIS,19.69074249267580,10.76702880859380,92.04000091552730
AF-Q14592-F1-model_v4,A,271,GLN,77.82703399658200,43.60057830810550,91.5
AF-Q14592-F1-model_v4,A,272,ARG,62.26237487792970,26.077388763427700,92.37000274658200
AF-Q14592-F1-model_v4,A,273,VAL,56.28155517578130,37.16426086425780,90.31999969482420
AF-Q14592-F1-model_v4,A,274,HIS,57.804298400878900,31.60777473449710,91.08999633789060
AF-Q14592-F1-model_v4,A,275,SER,69.0169448852539,59.24201202392580,91.20999908447270
AF-Q14592-F1-model_v4,A,276,GLY,48.75852966308590,60.8720703125,88.6500015258789
AF-Q14592-F1-model_v4,A,277,GLU,97.36006164550780,56.52252960205080,90.54000091552730
AF-Q14592-F1-model_v4,A,278,LYS,108.21119689941400,53.88735580444340,92.51000213623050
AF-Q14592-F1-model_v4,A,279,PRO,71.70673370361330,52.67518615722660,90.58000183105470
AF-Q14592-F1-model_v4,A,280,PHE,48.07472229003910,24.100021362304700,92.73999786376950
AF-Q14592-F1-model_v4,A,281,VAL,74.56715393066410,49.23874282836910,91.81000518798830
AF-Q14592-F1-model_v4,A,282,CYS,3.9565072059631300,2.946460723876950,91.73999786376950
AF-Q14592-F1-model_v4,A,283,ASN,150.48797607421900,104.5490951538090,90.80000305175780
AF-Q14592-F1-model_v4,A,284,GLU,132.68223571777300,77.02887725830080,86.1500015258789
AF-Q14592-F1-model_v4,A,285,CYS,58.40107727050780,43.49201583862310,90.72999572753910
AF-Q14592-F1-model_v4,A,286,GLY,52.958587646484400,66.11559295654300,89.51000213623050
AF-Q14592-F1-model_v4,A,287,LYS,115.58021545410200,57.557003021240200,91.4800033569336
AF-Q14592-F1-model_v4,A,288,ALA,35.324459075927700,32.722984313964800,92.11000061035160
AF-Q14592-F1-model_v4,A,289,PHE,42.1317024230957,21.120765686035200,91.83000183105470
AF-Q14592-F1-model_v4,A,290,THR,25.212759017944300,18.1035099029541,91.51000213623050
AF-Q14592-F1-model_v4,A,291,TYR,85.80644226074220,40.33015823364260,88.88999938964840
AF-Q14592-F1-model_v4,A,292,ARG,156.18719482421900,65.41598510742190,90.47000122070310
AF-Q14592-F1-model_v4,A,293,SER,77.6663818359375,66.66642761230470,87.31000518798830
AF-Q14592-F1-model_v4,A,294,ASN,55.62705993652340,38.64600372314450,90.0999984741211
AF-Q14592-F1-model_v4,A,295,PHE,35.02749252319340,17.559402465820300,90.47000122070310
AF-Q14592-F1-model_v4,A,296,VAL,67.64026641845700,44.664730072021500,87.5199966430664
AF-Q14592-F1-model_v4,A,297,LEU,55.90736389160160,31.2978572845459,86.51000213623050
AF-Q14592-F1-model_v4,A,298,HIS,24.002948760986300,13.124971389770500,87.13999938964840
AF-Q14592-F1-model_v4,A,299,ASN,49.871376037597700,34.647335052490200,85.18999481201170
AF-Q14592-F1-model_v4,A,300,LYS,81.22419738769530,40.44828414916990,86.20999908447270
AF-Q14592-F1-model_v4,A,301,SER,43.40645980834960,37.258766174316400,84.1500015258789
AF-Q14592-F1-model_v4,A,302,HIS,54.38832473754880,29.73989486694340,84.66999816894530
AF-Q14592-F1-model_v4,A,303,ASN,103.2940902709960,71.76190948486330,77.41000366210940
AF-Q14592-F1-model_v4,A,304,GLU,149.7840576171880,86.95736694335940,69.37000274658200
AF-Q14592-F1-model_v4,A,305,LYS,168.58506774902300,83.95252990722660,77.91000366210940
AF-Q14592-F1-model_v4,A,306,LYS,86.153076171875,42.90278244018560,83.93000030517580
AF-Q14592-F1-model_v4,A,307,PRO,88.6300277709961,65.10689544677730,81.16999816894530
AF-Q14592-F1-model_v4,A,308,PHE,72.847412109375,36.518653869628900,85.70999908447270
AF-Q14592-F1-model_v4,A,309,ALA,61.389286041259800,56.86825942993160,87.95000457763670
AF-Q14592-F1-model_v4,A,310,CYS,2.1621992588043200,1.6102168560028100,89.93000030517580
AF-Q14592-F1-model_v4,A,311,SER,101.25492095947300,86.91409301757810,88.6500015258789
AF-Q14592-F1-model_v4,A,312,GLU,118.07485961914100,68.54854583740230,86.33000183105470
AF-Q14592-F1-model_v4,A,313,CYS,67.5936279296875,50.33782196044920,90.5
AF-Q14592-F1-model_v4,A,314,GLY,58.02866744995120,72.44528198242190,87.11000061035160
AF-Q14592-F1-model_v4,A,315,LYS,114.59223937988300,57.06501007080080,87.30000305175780
AF-Q14592-F1-model_v4,A,316,GLY,12.653739929199200,15.797429084777800,84.69999694824220
AF-Q14592-F1-model_v4,A,317,PHE,35.26321029663090,17.677568435668900,86.58000183105470
AF-Q14592-F1-model_v4,A,318,TYR,55.092098236084000,25.894012451171900,84.0199966430664
AF-Q14592-F1-model_v4,A,319,GLU,73.81820678710940,42.85527038574220,84.31999969482420
AF-Q14592-F1-model_v4,A,320,SER,48.951622009277300,42.018558502197300,88.31999969482420
AF-Q14592-F1-model_v4,A,321,THR,95.12930297851560,68.3056640625,85.58000183105470
AF-Q14592-F1-model_v4,A,322,ALA,33.09646224975590,30.659067153930700,86.5
AF-Q14592-F1-model_v4,A,323,LEU,21.031824111938500,11.773959159851100,87.5199966430664
AF-Q14592-F1-model_v4,A,324,ILE,109.97088623046900,62.79744338989260,86.43000030517580
AF-Q14592-F1-model_v4,A,325,GLN,86.24242401123050,48.31508255004880,85.68999481201170
AF-Q14592-F1-model_v4,A,326,HIS,18.67081642150880,10.20932674407960,86.80000305175780
AF-Q14592-F1-model_v4,A,327,PHE,60.019344329834000,30.087900161743200,86.05000305175780
AF-Q14592-F1-model_v4,A,328,ILE,33.3330078125,19.034381866455100,88.2199935913086
AF-Q14592-F1-model_v4,A,329,ILE,113.27717590332000,64.68545532226560,86.7199935913086
AF-Q14592-F1-model_v4,A,330,HIS,61.72671890258790,33.75257873535160,86.85000610351560
AF-Q14592-F1-model_v4,A,331,THR,84.75238037109380,60.85472869873050,87.23999786376950
AF-Q14592-F1-model_v4,A,332,GLY,49.1415901184082,61.350303649902300,85.08000183105470
AF-Q14592-F1-model_v4,A,333,GLU,105.64654541015600,61.3332633972168,86.25999450683590
AF-Q14592-F1-model_v4,A,334,ARG,142.5504150390630,59.70448303222660,88.5
AF-Q14592-F1-model_v4,A,335,PRO,76.78097534179690,56.40268325805660,86.5199966430664
AF-Q14592-F1-model_v4,A,336,PHE,70.33395385742190,35.25865173339840,90.6500015258789
AF-Q14592-F1-model_v4,A,337,LYS,134.6087646484380,67.03289794921880,91.69999694824220
AF-Q14592-F1-model_v4,A,338,CYS,4.510066032409670,3.3587026596069300,93.58000183105470
AF-Q14592-F1-model_v4,A,339,LEU,175.05140686035200,97.99664306640630,91.88999938964840
AF-Q14592-F1-model_v4,A,340,GLU,136.26254272460900,79.10742950439450,89.8800048828125
AF-Q14592-F1-model_v4,A,341,CYS,54.78240203857420,40.797142028808600,93.05000305175780
AF-Q14592-F1-model_v4,A,342,GLY,53.24467086791990,66.47274780273440,90.37000274658200
AF-Q14592-F1-model_v4,A,343,LYS,123.18305969238300,61.34309005737310,92.18000030517580
AF-Q14592-F1-model_v4,A,344,ALA,17.607563018798800,16.31085205078130,91.45999908447270
AF-Q14592-F1-model_v4,A,345,PHE,39.389747619628900,19.746213912963900,89.80000305175780
AF-Q14592-F1-model_v4,A,346,ASN,46.7813606262207,32.5005989074707,89.20999908447270
AF-Q14592-F1-model_v4,A,347,CYS,15.454683303833000,11.509296417236300,86.05000305175780
AF-Q14592-F1-model_v4,A,348,ARG,183.84515380859400,76.9999771118164,89.91999816894530
AF-Q14592-F1-model_v4,A,349,SER,78.77831268310550,67.62086486816410,88.18999481201170
AF-Q14592-F1-model_v4,A,350,HIS,87.74616241455080,47.98018264770510,90.1199951171875
AF-Q14592-F1-model_v4,A,351,LEU,21.05400276184080,11.786375045776400,91.88999938964840
AF-Q14592-F1-model_v4,A,352,LYS,125.26507568359400,62.37990188598630,90.69999694824220
AF-Q14592-F1-model_v4,A,353,GLN,70.0301513671875,39.23257827758790,89.88999938964840
AF-Q14592-F1-model_v4,A,354,HIS,17.536334991455100,9.588984489440920,90.80000305175780
AF-Q14592-F1-model_v4,A,355,GLU,53.16675567626950,30.86604118347170,91.91999816894530
AF-Q14592-F1-model_v4,A,356,ARG,63.074859619140600,26.41768455505370,92.27999877929690
AF-Q14592-F1-model_v4,A,357,ILE,126.30961608886700,72.1274642944336,91.30000305175780
AF-Q14592-F1-model_v4,A,358,HIS,79.60263061523440,43.527244567871100,92.2699966430664
AF-Q14592-F1-model_v4,A,359,THR,88.34416198730470,63.43373107910160,91.1199951171875
AF-Q14592-F1-model_v4,A,360,GLY,46.451690673828100,57.99212646484380,89.41999816894530
AF-Q14592-F1-model_v4,A,361,GLU,97.88127136230470,56.82511901855470,91.0999984741211
AF-Q14592-F1-model_v4,A,362,LYS,104.7398452758790,52.15868377685550,91.70999908447270
AF-Q14592-F1-model_v4,A,363,PRO,72.02542114257810,52.9092903137207,90.44000244140630
AF-Q14592-F1-model_v4,A,364,PHE,57.37031173706060,28.759933471679700,93.18999481201170
AF-Q14592-F1-model_v4,A,365,VAL,85.69642639160160,56.58770751953130,93.72999572753910
AF-Q14592-F1-model_v4,A,366,CYS,1.9558342695236200,1.4565342664718600,94.04000091552730
AF-Q14592-F1-model_v4,A,367,SER,104.39224243164100,89.6070785522461,92.33000183105470
AF-Q14592-F1-model_v4,A,368,GLN,142.01397705078100,79.55964660644530,90.73999786376950
AF-Q14592-F1-model_v4,A,369,CYS,54.415401458740200,40.523834228515600,93.85000610351560
AF-Q14592-F1-model_v4,A,370,GLY,51.52622985839840,64.32737731933590,91.5999984741211
AF-Q14592-F1-model_v4,A,371,LYS,120.27294158935500,59.89390182495120,93.30000305175780
AF-Q14592-F1-model_v4,A,372,ALA,36.20523452758790,33.53889465332030,93.18999481201170
AF-Q14592-F1-model_v4,A,373,PHE,42.297359466552700,21.20380973815920,91.68999481201170
AF-Q14592-F1-model_v4,A,374,THR,40.379615783691400,28.993764877319300,90.95000457763670
AF-Q14592-F1-model_v4,A,375,HIS,65.62316131591800,35.8831787109375,88.12999725341800
AF-Q14592-F1-model_v4,A,376,TYR,133.161376953125,62.58760070800780,91.05999755859380
AF-Q14592-F1-model_v4,A,377,SER,80.68798828125,69.26007843017580,88.94000244140630
AF-Q14592-F1-model_v4,A,378,THR,59.724647521972700,42.884071350097700,91.45000457763670
AF-Q14592-F1-model_v4,A,379,TYR,30.77599334716800,14.46512222290040,93.8800048828125
AF-Q14592-F1-model_v4,A,380,VAL,40.992103576660200,27.068212509155300,91.72999572753910
AF-Q14592-F1-model_v4,A,381,LEU,58.86285400390630,32.952388763427700,91.68000030517580
AF-Q14592-F1-model_v4,A,382,HIS,28.90069580078130,15.803092956543000,91.9800033569336
AF-Q14592-F1-model_v4,A,383,GLU,61.70317840576170,35.82187271118160,91.66999816894530
AF-Q14592-F1-model_v4,A,384,ARG,67.40042114257810,28.22936248779300,93.77999877929690
AF-Q14592-F1-model_v4,A,385,ALA,80.67317199707030,74.73197937011720,90.7699966430664
AF-Q14592-F1-model_v4,A,386,HIS,85.65753173828130,46.83810806274410,92.19999694824220
AF-Q14592-F1-model_v4,A,387,THR,90.31381225585940,64.8479995727539,91.44000244140630
AF-Q14592-F1-model_v4,A,388,GLY,46.81228256225590,58.442298889160200,89.97000122070310
AF-Q14592-F1-model_v4,A,389,GLU,95.90495300292970,55.677764892578100,91.84000396728520
AF-Q14592-F1-model_v4,A,390,LYS,116.6604232788090,58.094932556152300,92.68000030517580
AF-Q14592-F1-model_v4,A,391,PRO,79.69670104980470,58.544551849365200,91.18999481201170
AF-Q14592-F1-model_v4,A,392,PHE,42.988372802734400,21.550216674804700,93.55000305175780
AF-Q14592-F1-model_v4,A,393,GLU,103.72909545898400,60.22008514404300,93.2199935913086
AF-Q14592-F1-model_v4,A,394,CYS,2.848601818084720,2.121389389038090,94.1500015258789
AF-Q14592-F1-model_v4,A,395,LYS,203.72781372070300,101.45301818847700,91.1500015258789
AF-Q14592-F1-model_v4,A,396,GLU,107.21288299560500,62.24260330200200,89.33000183105470
AF-Q14592-F1-model_v4,A,397,CYS,55.190914154052700,41.10136795043950,93.25999450683590
AF-Q14592-F1-model_v4,A,398,GLY,44.58518981933590,55.66191101074220,91.51000213623050
AF-Q14592-F1-model_v4,A,399,LYS,118.4930419921880,59.00754165649410,93.47000122070310
AF-Q14592-F1-model_v4,A,400,ALA,34.360172271728500,31.8297119140625,93.55999755859380
AF-Q14592-F1-model_v4,A,401,PHE,44.15226745605470,22.13368034362790,92.48999786376950
AF-Q14592-F1-model_v4,A,402,SER,30.113262176513700,25.84829330444340,92.04000091552730
AF-Q14592-F1-model_v4,A,403,ILE,57.20023727416990,32.6634521484375,91.08999633789060
AF-Q14592-F1-model_v4,A,404,ARG,147.43740844726600,61.751304626464800,92.6199951171875
AF-Q14592-F1-model_v4,A,405,LYS,160.14279174804700,79.7484130859375,90.34000396728520
AF-Q14592-F1-model_v4,A,406,ASP,29.411800384521500,20.950069427490200,92.2199935913086
AF-Q14592-F1-model_v4,A,407,LEU,33.084983825683600,18.521516799926800,92.86000061035160
AF-Q14592-F1-model_v4,A,408,ILE,100.6255874633790,57.460933685302700,91.61000061035160
AF-Q14592-F1-model_v4,A,409,ARG,96.92168426513670,40.59376907348630,90.7199935913086
AF-Q14592-F1-model_v4,A,410,HIS,15.588449478149400,8.5238676071167,91.2199935913086
AF-Q14592-F1-model_v4,A,411,PHE,81.67327117919920,40.94308853149410,89.9800033569336
AF-Q14592-F1-model_v4,A,412,ASN,19.822277069091800,13.771207809448200,91.55999755859380
AF-Q14592-F1-model_v4,A,413,ILE,125.42169952392600,71.62043762207030,89.55999755859380
AF-Q14592-F1-model_v4,A,414,HIS,66.5057373046875,36.36577606201170,90.94000244140630
AF-Q14592-F1-model_v4,A,415,THR,61.11430358886720,43.88188552856450,90.25999450683590
AF-Q14592-F1-model_v4,A,416,GLY,45.96092224121090,57.37942886352540,88.38999938964840
AF-Q14592-F1-model_v4,A,417,GLU,101.66162109375,59.01980972290040,90.65999603271480
AF-Q14592-F1-model_v4,A,418,LYS,110.05447387695300,54.80527877807620,91.35000610351560
AF-Q14592-F1-model_v4,A,419,PRO,77.87672424316410,57.20761489868160,89.27999877929690
AF-Q14592-F1-model_v4,A,420,TYR,73.00064086914060,34.31126022338870,92.97000122070310
AF-Q14592-F1-model_v4,A,421,GLU,97.94341278076170,56.86119842529300,93.43000030517580
AF-Q14592-F1-model_v4,A,422,CYS,0.8125039339065550,0.6050818562507630,93.55999755859380
AF-Q14592-F1-model_v4,A,423,LEU,170.80838012695300,95.62132263183590,91.87000274658200
AF-Q14592-F1-model_v4,A,424,GLN,141.6541290283200,79.3580551147461,88.78999328613280
AF-Q14592-F1-model_v4,A,425,CYS,56.03255081176760,41.728145599365200,92.22999572753910
AF-Q14592-F1-model_v4,A,426,GLY,43.65118408203130,54.49585723876950,90.81999969482420
AF-Q14592-F1-model_v4,A,427,LYS,94.05521392822270,46.837913513183600,92.7199935913086
AF-Q14592-F1-model_v4,A,428,ALA,32.46233367919920,30.071640014648400,92.7199935913086
AF-Q14592-F1-model_v4,A,429,PHE,46.9868049621582,23.554645538330100,91.0
AF-Q14592-F1-model_v4,A,430,THR,46.848785400390600,33.63882064819340,90.27999877929690
AF-Q14592-F1-model_v4,A,431,ARG,126.85828399658200,53.13213348388670,90.6500015258789
AF-Q14592-F1-model_v4,A,432,MET,107.34275817871100,55.288570404052700,92.75
AF-Q14592-F1-model_v4,A,433,SER,79.50076293945310,68.24099731445310,89.55000305175780
AF-Q14592-F1-model_v4,A,434,GLY,10.8197603225708,13.507816314697300,91.12999725341800
AF-Q14592-F1-model_v4,A,435,LEU,15.172565460205100,8.493850708007810,92.02999877929690
AF-Q14592-F1-model_v4,A,436,THR,61.30235290527340,44.016910552978500,91.02999877929690
AF-Q14592-F1-model_v4,A,437,ARG,106.40235900878900,44.56456756591800,88.81000518798830
AF-Q14592-F1-model_v4,A,438,HIS,13.20159912109380,7.218722343444820,89.63999938964840
AF-Q14592-F1-model_v4,A,439,GLN,76.91702270507810,43.09077072143560,89.41000366210940
AF-Q14592-F1-model_v4,A,440,TRP,57.29718780517580,22.977697372436500,90.70999908447270
AF-Q14592-F1-model_v4,A,441,ILE,112.85130310058600,64.44226837158200,88.27999877929690
AF-Q14592-F1-model_v4,A,442,HIS,71.19474792480470,38.92975997924810,89.55000305175780
AF-Q14592-F1-model_v4,A,443,THR,83.67115020751950,60.078369140625,88.56999969482420
AF-Q14592-F1-model_v4,A,444,GLY,49.17731857299810,61.39490509033200,85.02999877929690
AF-Q14592-F1-model_v4,A,445,GLU,96.96434020996090,56.29279708862310,85.25999450683590
AF-Q14592-F1-model_v4,A,446,LYS,114.28761291503900,56.91331100463870,87.93000030517580
AF-Q14592-F1-model_v4,A,447,PRO,69.77348327636720,51.255035400390600,85.73999786376950
AF-Q14592-F1-model_v4,A,448,TYR,57.08152770996090,26.829069137573200,90.0199966430664
AF-Q14592-F1-model_v4,A,449,VAL,79.60791015625,52.567291259765600,90.86000061035160
AF-Q14592-F1-model_v4,A,450,CYS,0.1316908597946170,0.09807184338569640,91.81999969482420
AF-Q14592-F1-model_v4,A,451,ILE,158.5328826904300,90.52814483642580,89.7199935913086
AF-Q14592-F1-model_v4,A,452,GLN,117.56700134277300,65.8638687133789,86.86000061035160
AF-Q14592-F1-model_v4,A,453,CYS,55.098724365234400,41.032711029052700,91.18000030517580
AF-Q14592-F1-model_v4,A,454,GLY,50.964012145996100,63.625484466552700,88.88999938964840
AF-Q14592-F1-model_v4,A,455,LYS,118.23919677734400,58.881126403808600,90.70999908447270
AF-Q14592-F1-model_v4,A,456,ALA,35.551761627197300,32.93354415893560,89.3800048828125
AF-Q14592-F1-model_v4,A,457,PHE,41.800201416015600,20.9545841217041,88.86000061035160
AF-Q14592-F1-model_v4,A,458,CYS,47.66263198852540,35.49496078491210,86.80000305175780
AF-Q14592-F1-model_v4,A,459,ARG,100.96627807617200,42.28776931762700,86.83000183105470
AF-Q14592-F1-model_v4,A,460,THR,61.257904052734400,43.98499298095700,89.81000518798830
AF-Q14592-F1-model_v4,A,461,THR,85.94607543945310,61.71183776855470,87.87000274658200
AF-Q14592-F1-model_v4,A,462,ASN,23.78351593017580,16.52321434021000,90.2199935913086
AF-Q14592-F1-model_v4,A,463,LEU,18.504512786865200,10.359128952026400,89.9000015258789
AF-Q14592-F1-model_v4,A,464,ILE,99.31536865234380,56.71275329589840,88.34000396728520
AF-Q14592-F1-model_v4,A,465,ARG,91.48670959472660,38.31743621826170,87.86000061035160
AF-Q14592-F1-model_v4,A,466,HIS,16.02200698852540,8.760939598083500,88.36000061035160
AF-Q14592-F1-model_v4,A,467,PHE,59.8515625,30.00379180908200,85.55000305175780
AF-Q14592-F1-model_v4,A,468,SER,19.235517501831100,16.511173248291000,88.13999938964840
AF-Q14592-F1-model_v4,A,469,ILE,107.97016143798800,61.65496063232420,86.95000457763670
AF-Q14592-F1-model_v4,A,470,HIS,56.365909576416000,30.821250915527300,88.2699966430664
AF-Q14592-F1-model_v4,A,471,THR,81.36491394042970,58.42242431640630,87.5
AF-Q14592-F1-model_v4,A,472,GLY,45.21708679199220,56.45079803466800,83.86000061035160
AF-Q14592-F1-model_v4,A,473,GLU,104.64759826660200,60.75332260131840,85.48999786376950
AF-Q14592-F1-model_v4,A,474,LYS,117.25298309326200,58.3900146484375,87.5999984741211
AF-Q14592-F1-model_v4,A,475,PRO,96.96048736572270,71.22638702392580,86.0
AF-Q14592-F1-model_v4,A,476,TYR,85.19671630859380,40.0435791015625,89.5199966430664
AF-Q14592-F1-model_v4,A,477,GLU,104.139404296875,60.458290100097700,90.68000030517580
AF-Q14592-F1-model_v4,A,478,CYS,0.7490899562835690,0.5578566789627080,91.56999969482420
AF-Q14592-F1-model_v4,A,479,VAL,146.08590698242200,96.46454620361330,89.65999603271480
AF-Q14592-F1-model_v4,A,480,GLU,118.28717041015600,68.67179870605470,86.13999938964840
AF-Q14592-F1-model_v4,A,481,CYS,55.22367858886720,41.12576675415040,91.47000122070310
AF-Q14592-F1-model_v4,A,482,GLY,42.22125244140630,52.71067810058590,88.55000305175780
AF-Q14592-F1-model_v4,A,483,LYS,116.94615173339800,58.237213134765600,89.69999694824220
AF-Q14592-F1-model_v4,A,484,ALA,38.854278564453100,35.99284744262700,88.68999481201170
AF-Q14592-F1-model_v4,A,485,PHE,43.094146728515600,21.603240966796900,87.97000122070310
AF-Q14592-F1-model_v4,A,486,ASN,56.9068603515625,39.535125732421900,87.04000091552730
AF-Q14592-F1-model_v4,A,487,ARG,93.83165740966800,39.2995719909668,87.66999816894530
AF-Q14592-F1-model_v4,A,488,ARG,175.35018920898400,73.44203186035160,88.83000183105470
AF-Q14592-F1-model_v4,A,489,SER,77.63893127441410,66.64285278320310,90.25
AF-Q14592-F1-model_v4,A,490,PRO,33.90806198120120,24.908586502075200,89.85000610351560
AF-Q14592-F1-model_v4,A,491,LEU,16.749839782714800,9.37683391571045,89.36000061035160
AF-Q14592-F1-model_v4,A,492,THR,63.057716369628900,45.277313232421900,88.7699966430664
AF-Q14592-F1-model_v4,A,493,ARG,128.19403076171900,53.69158935546880,89.27999877929690
AF-Q14592-F1-model_v4,A,494,HIS,17.969470977783200,9.825825691223150,88.86000061035160
AF-Q14592-F1-model_v4,A,495,GLN,70.37952423095700,39.428306579589800,86.31000518798830
AF-Q14592-F1-model_v4,A,496,ARG,164.0740966796880,68.71925354003910,88.54000091552730
AF-Q14592-F1-model_v4,A,497,ILE,103.75777435302700,59.24953079223630,86.5199966430664
AF-Q14592-F1-model_v4,A,498,HIS,66.56939697265630,36.40058898925780,85.35000610351560
AF-Q14592-F1-model_v4,A,499,THR,111.75090026855500,80.24046325683590,77.25999450683590
AF-Q14592-F1-model_v4,A,500,ALA,59.93572235107420,55.52174377441410,67.69999694824220
AF-Q14592-F1-model_v4,A,501,GLU,168.81912231445300,98.00819396972660,44.81999969482420
AF-Q14592-F1-model_v4,A,502,LYS,199.39451599121100,99.29511260986330,40.77000045776370
AF-Q14592-F1-model_v4,A,503,SER,102.70867919921900,88.16195678710940,35.369998931884800
AF-Q14592-F1-model_v4,A,504,HIS,182.38751220703100,99.73069763183590,34.720001220703100
AF-Q14592-F1-model_v4,A,505,GLU,150.24205017089800,87.22325134277340,32.59000015258790
AF-Q14592-F1-model_v4,A,506,PRO,116.40367126464800,85.50919342041020,36.52000045776370
AF-Q14592-F1-model_v4,A,507,ILE,165.7396240234380,94.64346313476560,34.44000244140630
AF-Q14592-F1-model_v4,A,508,GLN,170.80599975585900,95.68963623046880,29.270000457763700
AF-Q14592-F1-model_v4,A,509,SER,51.370174407959000,44.09457015991210,32.72999954223630
AF-Q14592-F1-model_v4,A,510,GLY,59.5468635559082,74.34065246582030,28.15999984741210
AF-Q14592-F1-model_v4,A,511,ASN,146.99632263183600,102.12332916259800,29.630001068115200
AF-Q14592-F1-model_v4,A,512,VAL,143.85775756835900,94.99323272705080,27.09000015258790
AF-Q14592-F1-model_v4,A,513,SER,59.75171661376950,51.28902816772460,33.13999938964840
AF-Q14592-F1-model_v4,A,514,CYS,102.25385284423800,76.14972686767580,31.469999313354500
AF-Q14592-F1-model_v4,A,515,GLU,141.04368591308600,81.88312530517580,33.36000061035160
AF-Q14592-F1-model_v4,A,516,SER,106.635498046875,91.5326156616211,36.46000289916990
AF-Q14592-F1-model_v4,A,517,THR,130.57171630859400,93.7543716430664,30.25
AF-Q14592-F1-model_v4,A,518,ASP,87.01628875732420,61.98182678222660,35.709999084472700
AF-Q14592-F1-model_v4,A,519,LEU,175.23391723632800,98.09881591796880,27.85999870300290
AF-Q14592-F1-model_v4,A,520,ILE,137.90267944335900,78.7475357055664,29.130001068115200
AF-Q14592-F1-model_v4,A,521,GLN,173.8453826904300,97.39236450195310,26.600000381469700
AF-Q14592-F1-model_v4,A,522,HIS,155.30349731445300,84.92098236083980,27.540000915527300
AF-Q14592-F1-model_v4,A,523,SER,108.91464233398400,93.48896026611330,26.100000381469700
AF-Q14592-F1-model_v4,A,524,ILE,154.07223510742200,87.98094940185550,29.670000076293900
AF-Q14592-F1-model_v4,A,525,ILE,154.03762817382800,87.96118927001950,26.190000534057600
AF-Q14592-F1-model_v4,A,526,HIS,170.0381622314450,92.97799682617190,24.5
AF-Q14592-F1-model_v4,A,527,THR,129.50357055664100,92.98741149902340,27.110000610351600
AF-Q14592-F1-model_v4,A,528,GLU,157.99349975585900,91.7233657836914,25.649999618530300
AF-Q14592-F1-model_v4,A,529,SER,98.75861358642580,84.7713394165039,25.6200008392334
AF-Q14592-F1-model_v4,A,530,SER,101.36841583252000,87.01151275634770,28.240001678466800
AF-Q14592-F1-model_v4,A,531,PRO,124.01875305175800,91.1031723022461,31.09000015258790
AF-Q14592-F1-model_v4,A,532,VAL,150.69264221191400,99.50650024414060,29.549999237060500
AF-Q14592-F1-model_v4,A,533,SER,91.76351928710940,78.76697540283200,26.5
AF-Q14592-F1-model_v4,A,534,ALA,101.96939086914100,94.4598388671875,24.540000915527300
AF-Q14592-F1-model_v4,A,535,VAL,140.75096130371100,92.94173431396480,26.489999771118200
AF-Q14592-F1-model_v4,A,536,ASN,144.8589324951170,100.63841247558600,23.889999389648400
AF-Q14592-F1-model_v4,A,537,MET,182.70330810546900,94.10420989990230,27.989999771118200
AF-Q14592-F1-model_v4,A,538,GLU,169.853515625,98.60871887207030,23.8799991607666
AF-Q14592-F1-model_v4,A,539,THR,119.17282104492200,85.56962585449220,26.64000129699710
AF-Q14592-F1-model_v4,A,540,PRO,117.59345245361300,86.3832015991211,27.010000228881800
AF-Q14592-F1-model_v4,A,541,SER,113.73080444335900,97.62300872802730,25.579999923706100
AF-Q14592-F1-model_v4,A,542,ILE,164.37496948242200,93.86418914794920,27.989999771118200
AF-Q14592-F1-model_v4,A,543,ALA,77.35515594482420,71.65831756591800,26.85999870300290
AF-Q14592-F1-model_v4,A,544,ALA,102.99139404296900,95.40657043457030,25.549999237060500
AF-Q14592-F1-model_v4,A,545,HIS,163.41952514648400,89.35887908935550,27.110000610351600
AF-Q14592-F1-model_v4,A,546,SER,125.40271759033200,107.64181518554700,28.549999237060500
AF-Q14592-F1-model_v4,A,547,SER,80.916748046875,69.45643615722660,27.010000228881800
AF-Q14592-F1-model_v4,A,548,SER,109.85189056396500,94.29347229003910,29.520000457763700
AF-Q14592-F1-model_v4,A,549,LEU,154.39820861816400,86.43464660644530,27.869998931884800
AF-Q14592-F1-model_v4,A,550,ASP,137.50448608398400,97.94464874267580,27.030000686645500
AF-Q14592-F1-model_v4,A,551,ILE,113.22444915771500,64.65534973144530,31.899999618530300
AF-Q14592-F1-model_v4,A,552,ASN,158.40304565429700,110.0479736328130,29.34000015258790
AF-Q14592-F1-model_v4,A,553,GLY,60.52295684814450,75.55924987792970,27.35999870300290
AF-Q14592-F1-model_v4,A,554,PHE,179.27365112304700,89.87049102783200,31.899999618530300
AF-Q14592-F1-model_v4,A,555,ILE,141.63458251953100,80.87859344482420,28.190000534057600
AF-Q14592-F1-model_v4,A,556,VAL,121.73941040039100,80.38788604736330,36.36000061035160
AF-Q14592-F1-model_v4,A,557,GLU,145.73577880859400,84.60713195800780,30.079999923706100
AF-Q14592-F1-model_v4,A,558,GLU,159.6565399169920,92.6888427734375,31.43000030517580
AF-Q14592-F1-model_v4,A,559,THR,125.23320007324200,89.92115783691410,32.72999954223630
AF-Q14592-F1-model_v4,A,560,LEU,155.3518524169920,86.96851348876950,28.309999465942400
AF-Q14592-F1-model_v4,A,561,PRO,123.1360855102540,90.45477294921880,36.36000061035160
AF-Q14592-F1-model_v4,A,562,LEU,242.68710327148400,135.86021423339800,33.88999938964840