Protein,Protein position
sp|P06748|NPM_HUMAN,32
sp|Q8IX15|HOMEZ_HUMAN,182
sp|Q8TAD8|SNIP1_HUMAN,30
sp|Q14592|ZN460_HUMAN,362
sp|Q9BTT0|AN32E_HUMAN,101
sp|Q9NW82|WDR70_HUMAN,296
sp|P78332|RBM6_HUMAN,991
sp|O00257|CBX4_HUMAN,280
sp|O43290|SNUT1_HUMAN,188
sp|Q16666|IF16_HUMAN,683
sp|Q96T88|UHRF1_HUMAN,600
sp|Q8NCF5|NF2IP_HUMAN,388
sp|Q13185|CBX3_HUMAN,21
sp|Q14980|NUMA1_HUMAN,1766
sp|Q9BTT0|AN32E_HUMAN,68
sp|Q9Y4B4|ARIP4_HUMAN,1018
sp|P52272|HNRPM_HUMAN,698
sp|Q9H307|PININ_HUMAN,157
sp|P11387|TOP1_HUMAN,117
sp|P22087|FBRL_HUMAN,131
sp|Q8IWZ8|SUGP1_HUMAN,427
sp|Q9Y2L8|ZKSC5_HUMAN,709
sp|Q2KHR3|QSER1_HUMAN,549
sp|P30305|MPIP2_HUMAN,242
sp|P49759|CLK1_HUMAN,290
sp|Q6P1J9|CDC73_HUMAN,198
sp|Q8NG31|KNL1_HUMAN,202
sp|O15391|TYY2_HUMAN,218
sp|Q9HCI7|MSL2_HUMAN,375
sp|Q9Y4E5|ZN451_HUMAN,144
sp|Q9ULW0|TPX2_HUMAN,500
sp|P35555|FBN1_HUMAN,1033
sp|Q9UHL9|GT2D1_HUMAN,443
sp|Q9Y4E5|ZN451_HUMAN,779
sp|Q9Y2X9|ZN281_HUMAN,795
sp|Q9NYF8|BCLF1_HUMAN,462
sp|O75376|NCOR1_HUMAN,1106
sp|Q03112|MECOM_HUMAN,721
sp|P14866|HNRPL_HUMAN,277
sp|O43159|RRP8_HUMAN,201
sp|P35555|FBN1_HUMAN,1317
sp|Q12873|CHD3_HUMAN,1308
sp|O15226|NKRF_HUMAN,550
sp|Q8NCF5|NF2IP_HUMAN,357
sp|Q9NYT0|PLEK2_HUMAN,234
sp|Q96IT1|ZN496_HUMAN,404
sp|Q8ND82|Z280C_HUMAN,113
sp|Q5T5X7|BEND3_HUMAN,528
sp|Q86TG7|PEG10_HUMAN,22
sp|P60842|IF4A1_HUMAN,238
sp|Q6PJT7|ZC3HE_HUMAN,690
sp|Q5H9F3|BCORL_HUMAN,747
sp|Q5D1E8|ZC12A_HUMAN,57
sp|Q9H1D9|RPC6_HUMAN,7
sp|P46013|KI67_HUMAN,892
sp|Q9UBW7|ZMYM2_HUMAN,649
sp|P0CG47|UBB_HUMAN,11
sp|P0CG48|UBC_HUMAN,11
sp|P62979|RS27A_HUMAN,11
sp|P62987|RL40_HUMAN,11
sp|Q14676|MDC1_HUMAN,1840
sp|P52272|HNRPM_HUMAN,145
sp|Q9H582|ZN644_HUMAN,346
sp|P15408|FOSL2_HUMAN,222
sp|Q9UGU0|TCF20_HUMAN,1446
sp|Q6IEG0|SNR48_HUMAN,87
sp|P42568|AF9_HUMAN,264
sp|Q9Y6X2|PIAS3_HUMAN,361
sp|Q9H6T3|RPAP3_HUMAN,498
sp|Q9UHA3|RLP24_HUMAN,128
sp|P98170|XIAP_HUMAN,405
sp|P46013|KI67_HUMAN,1517
sp|Q7L590|MCM10_HUMAN,482
sp|Q15596|NCOA2_HUMAN,765
sp|P59923|ZN445_HUMAN,859
sp|Q86Z02|HIPK1_HUMAN,511
sp|P36508|ZNF76_HUMAN,213
sp|P52747|ZN143_HUMAN,285
sp|P78332|RBM6_HUMAN,1066
sp|Q86XP3|DDX42_HUMAN,270
sp|P54132|BLM_HUMAN,40
sp|P21266|GSTM3_HUMAN,128
sp|Q6P0N0|M18BP_HUMAN,379
sp|Q9H4L7|SMRCD_HUMAN,996
sp|P83916|CBX1_HUMAN,9
sp|P05549|AP2A_HUMAN,10
sp|Q00613|HSF1_HUMAN,208
sp|P35555|FBN1_HUMAN,2809
sp|Q4LE39|ARI4B_HUMAN,440
sp|Q86UZ6|ZBT46_HUMAN,229
sp|Q1ED39|KNOP1_HUMAN,275
sp|P00374|DYR_HUMAN,158
sp|Q5T5X7|BEND3_HUMAN,427
sp|Q96FV9|THOC1_HUMAN,31
sp|P26599|PTBP1_HUMAN,65
sp|Q9NS56|TOPRS_HUMAN,249
sp|Q9UJ78|ZMYM5_HUMAN,134
sp|Q16666|IF16_HUMAN,561
sp|Q03112|MECOM_HUMAN,735
sp|O96028|NSD2_HUMAN,912
sp|Q13506|NAB1_HUMAN,333
sp|Q9BUJ2|HNRL1_HUMAN,449
sp|Q16649|NFIL3_HUMAN,214
sp|Q96T88|UHRF1_HUMAN,670
sp|P78347|GTF2I_HUMAN,221
sp|Q96RE7|NACC1_HUMAN,167
sp|P30414|NKTR_HUMAN,1258
sp|Q2KHR3|QSER1_HUMAN,281
sp|Q15545|TAF7_HUMAN,129
sp|Q16649|NFIL3_HUMAN,219
sp|Q9UQ88|CD11A_HUMAN,552
sp|P21127|CD11B_HUMAN,564
sp|P55854|SUMO3_HUMAN,11
sp|Q9UQ88|CD11A_HUMAN,11
sp|P21127|CD11B_HUMAN,11
sp|B2RPK0|HGB1A_HUMAN,114
sp|P09429|HMGB1_HUMAN,114
sp|P33993|MCM7_HUMAN,15
sp|Q6ZNA4|RN111_HUMAN,34
sp|P46100|ATRX_HUMAN,1004
sp|P17036|ZNF3_HUMAN,151
sp|Q9H4A4|AMPB_HUMAN,398
sp|P51991|ROA3_HUMAN,36
sp|Q92797|SYMPK_HUMAN,361
sp|Q66PJ3|AR6P4_HUMAN,199
sp|Q3T8J9|GON4L_HUMAN,1002
sp|Q9H869|YYAP1_HUMAN,459
sp|P12956|XRCC6_HUMAN,317
sp|P11388|TOP2A_HUMAN,676
sp|Q9H582|ZN644_HUMAN,1165
sp|P55265|DSRAD_HUMAN,418
sp|Q9H582|ZN644_HUMAN,319
sp|Q9Y4E5|ZN451_HUMAN,817
sp|Q6P0N0|M18BP_HUMAN,899
sp|Q5VZL5|ZMYM4_HUMAN,273
sp|Q9Y5B6|PAXB1_HUMAN,149
sp|Q49A26|GLYR1_HUMAN,269
sp|O14978|ZN263_HUMAN,573
sp|Q02880|TOP2B_HUMAN,1440
sp|Q86Z02|HIPK1_HUMAN,25
sp|Q5QJE6|TDIF2_HUMAN,558
sp|P07910|HNRPC_HUMAN,232
sp|Q9UBW7|ZMYM2_HUMAN,297
sp|O43151|TET3_HUMAN,1397
sp|P01100|FOS_HUMAN,265
sp|Q13151|ROA0_HUMAN,138
sp|P52272|HNRPM_HUMAN,83
sp|Q7Z333|SETX_HUMAN,678
sp|Q03112|MECOM_HUMAN,1132
sp|P10244|MYBB_HUMAN,197
sp|Q96T23|RSF1_HUMAN,419
sp|P54132|BLM_HUMAN,331
sp|P14921|ETS1_HUMAN,138
sp|P82970|HMGN5_HUMAN,101
sp|Q9NS91|RAD18_HUMAN,347
sp|O15164|TIF1A_HUMAN,723
sp|Q8N2W9|PIAS4_HUMAN,69
sp|P23396|RS3_HUMAN,214
sp|P38398|BRCA1_HUMAN,339
sp|P46060|RAGP1_HUMAN,524
sp|Q13263|TIF1B_HUMAN,750
sp|Q8N806|UBR7_HUMAN,225
sp|Q2TB10|ZN800_HUMAN,132
sp|P31948|STIP1_HUMAN,123
sp|Q8NCN4|RN169_HUMAN,475
sp|Q9BQ67|GRWD1_HUMAN,341
sp|Q9UQ84|EXO1_HUMAN,784
sp|Q56NI9|ESCO2_HUMAN,451
sp|Q16649|NFIL3_HUMAN,424
sp|Q14166|TTL12_HUMAN,346
sp|Q03468|ERCC6_HUMAN,262
sp|P62937|PPIA_HUMAN,82
sp|P50750|CDK9_HUMAN,345
sp|Q6NYC1|JMJD6_HUMAN,154
sp|Q9UBT6|POLK_HUMAN,224
sp|Q8N8R7|AL14E_HUMAN,240
sp|Q8NDX5|PHC3_HUMAN,222
sp|P54132|BLM_HUMAN,409
sp|Q12766|HMGX3_HUMAN,354
sp|Q5T1V6|DDX59_HUMAN,26
sp|Q96JN0|LCOR_HUMAN,414
sp|P17040|ZSC20_HUMAN,945
sp|Q6NX49|ZN544_HUMAN,422
sp|Q5H9F3|BCORL_HUMAN,1092
sp|Q9BWL3|CA043_HUMAN,73
sp|Q9H2Y7|ZN106_HUMAN,1486
sp|Q9UHL9|GT2D1_HUMAN,593
sp|P32969|RL9_HUMAN,2
sp|Q5VTR2|BRE1A_HUMAN,324
sp|P11388|TOP2A_HUMAN,1114
sp|Q6P4F7|RHGBA_HUMAN,1019
sp|Q5VZL5|ZMYM4_HUMAN,430
sp|Q5W0B1|OBI1_HUMAN,425
sp|Q86U86|PB1_HUMAN,1642
sp|Q96FZ2|HMCES_HUMAN,339
sp|Q08050|FOXM1_HUMAN,356
sp|Q13485|SMAD4_HUMAN,113
sp|Q8WUA2|PPIL4_HUMAN,362
sp|Q9H3M7|TXNIP_HUMAN,117
sp|P06756|ITAV_HUMAN,149
sp|Q8IV48|ERI1_HUMAN,52
sp|Q6PCB5|RSBNL_HUMAN,753
sp|Q9NWK9|BCD1_HUMAN,173
sp|Q9BSV6|SEN34_HUMAN,126
sp|Q13356|PPIL2_HUMAN,216
sp|O15381|NVL_HUMAN,208
sp|Q96L73|NSD1_HUMAN,320
sp|Q13347|EIF3I_HUMAN,282
sp|Q7L590|MCM10_HUMAN,511
sp|O95391|SLU7_HUMAN,257
sp|Q9Y2X9|ZN281_HUMAN,477
sp|Q9NUW8|TYDP1_HUMAN,139
sp|Q92766|RREB1_HUMAN,551
sp|P17676|CEBPB_HUMAN,332
sp|Q15596|NCOA2_HUMAN,239
sp|Q8IY22|CMIP_HUMAN,20
sp|P35555|FBN1_HUMAN,2246
sp|O43290|SNUT1_HUMAN,758
sp|Q14839|CHD4_HUMAN,1670
sp|P46013|KI67_HUMAN,749
sp|Q9NZJ0|DTL_HUMAN,708
sp|Q9UHB7|AFF4_HUMAN,583
sp|Q9HAW4|CLSPN_HUMAN,403
sp|P09874|PARP1_HUMAN,748
sp|P78347|GTF2I_HUMAN,477
sp|Q01081|U2AF1_HUMAN,15
sp|Q8WU68|U2AF4_HUMAN,15
sp|Q13111|CAF1A_HUMAN,182
sp|Q15047|SETB1_HUMAN,355
sp|Q9ULW0|TPX2_HUMAN,727
sp|Q9Y314|NOSIP_HUMAN,190
sp|Q9BVC3|DCC1_HUMAN,140
sp|P38398|BRCA1_HUMAN,654
sp|Q14192|FHL2_HUMAN,144
sp|Q2NL82|TSR1_HUMAN,760
sp|P52736|ZN133_HUMAN,506
sp|P35555|FBN1_HUMAN,54
sp|Q6PCB5|RSBNL_HUMAN,763
sp|Q96GD4|AURKB_HUMAN,202
sp|Q08J23|NSUN2_HUMAN,100
sp|P23396|RS3_HUMAN,230
sp|Q17R98|ZN827_HUMAN,673
sp|Q9UKD1|GMEB2_HUMAN,155
sp|P54132|BLM_HUMAN,514
sp|O00566|MPP10_HUMAN,382
sp|Q9BVP2|GNL3_HUMAN,99
sp|Q9NQZ2|SAS10_HUMAN,134
sp|A2AJT9|BCLA3_HUMAN,400
sp|Q9BY42|RTF2_HUMAN,92
sp|Q15424|SAFB1_HUMAN,231
sp|Q14151|SAFB2_HUMAN,230
sp|O75152|ZC11A_HUMAN,619
sp|Q14592|ZN460_HUMAN,194
sp|O43513|MED7_HUMAN,185
sp|Q08J23|NSUN2_HUMAN,369
sp|P11387|TOP1_HUMAN,336
sp|Q96P11|NSUN5_HUMAN,144
sp|O00311|CDC7_HUMAN,274
sp|Q9BZK3|NACP4_HUMAN,99
sp|E9PAV3|NACAM_HUMAN,1963
sp|Q9Y4E5|ZN451_HUMAN,832
sp|Q9UBW7|ZMYM2_HUMAN,88
sp|Q9UJL9|ZF69B_HUMAN,235
sp|P10244|MYBB_HUMAN,533
sp|Q8NEY8|PPHLN_HUMAN,109
sp|P31942|HNRH3_HUMAN,6
sp|P11388|TOP2A_HUMAN,639
sp|O15371|EIF3D_HUMAN,171
sp|P39748|FEN1_HUMAN,297
sp|Q9H0E9|BRD8_HUMAN,612
sp|P51991|ROA3_HUMAN,151
sp|Q9ULW0|TPX2_HUMAN,279
sp|Q99590|SCAFB_HUMAN,1178
sp|Q08J23|NSUN2_HUMAN,640
sp|O00311|CDC7_HUMAN,179
sp|P62937|PPIA_HUMAN,49
sp|Q7L590|MCM10_HUMAN,840
sp|P23528|COF1_HUMAN,45
sp|Q06730|ZN33A_HUMAN,180
sp|P01100|FOS_HUMAN,128
sp|P01106|MYC_HUMAN,148
sp|Q6MZP7|LIN54_HUMAN,639
sp|Q92785|REQU_HUMAN,99
sp|P17844|DDX5_HUMAN,470
sp|Q8ND82|Z280C_HUMAN,273
sp|Q99708|CTIP_HUMAN,869
sp|P63244|RACK1_HUMAN,271
sp|Q6PJG2|MDEAS_HUMAN,590
sp|Q9ULJ3|ZBT21_HUMAN,879
sp|P78347|GTF2I_HUMAN,879
sp|P50548|ERF_HUMAN,465
sp|P13010|XRCC5_HUMAN,534
sp|Q9H3M7|TXNIP_HUMAN,8
sp|P11388|TOP2A_HUMAN,1240
sp|Q96PN7|TREF1_HUMAN,72
sp|Q08J23|NSUN2_HUMAN,286
sp|P63167|DYL1_HUMAN,49
sp|Q96FJ2|DYL2_HUMAN,49
sp|Q15459|SF3A1_HUMAN,686
sp|Q9BVP2|GNL3_HUMAN,275
sp|P50548|ERF_HUMAN,378
sp|Q9H0H5|RGAP1_HUMAN,248
sp|Q9NWQ4|GPT2L_HUMAN,328
sp|Q15652|JHD2C_HUMAN,1065
sp|Q14592|ZN460_HUMAN,250
sp|Q9H2Y7|ZN106_HUMAN,1395
sp|Q96T88|UHRF1_HUMAN,570
sp|P42224|STAT1_HUMAN,703
sp|Q9ULJ3|ZBT21_HUMAN,430
sp|Q9BWF3|RBM4_HUMAN,92
sp|Q9H707|ZN552_HUMAN,251
sp|P37802|TAGL2_HUMAN,171
sp|Q9Y2X9|ZN281_HUMAN,2
sp|P17028|ZNF24_HUMAN,27
sp|Q96LW9|ZSC31_HUMAN,149
sp|O15525|MAFG_HUMAN,14
sp|Q00613|HSF1_HUMAN,91
sp|P04198|MYCN_HUMAN,52
sp|Q14839|CHD4_HUMAN,618
sp|P52597|HNRPF_HUMAN,185
sp|Q9NPA3|M1IP1_HUMAN,173
sp|Q9NS56|TOPRS_HUMAN,701
sp|Q6AW86|Z324B_HUMAN,135
sp|O75467|Z324A_HUMAN,135
sp|Q09666|AHNK_HUMAN,134
sp|Q8TDI0|CHD5_HUMAN,588
sp|P01106|MYC_HUMAN,52
sp|Q9H410|DSN1_HUMAN,61
sp|Q9H707|ZN552_HUMAN,176
sp|Q9HAW4|CLSPN_HUMAN,1321
sp|P59923|ZN445_HUMAN,567
sp|Q7Z333|SETX_HUMAN,1341
sp|Q9UHL9|GT2D1_HUMAN,567
sp|P41223|BUD31_HUMAN,42
sp|Q6NX49|ZN544_HUMAN,504
sp|Q8NF64|ZMIZ2_HUMAN,402
sp|Q96JM3|CHAP1_HUMAN,670
sp|P35555|FBN1_HUMAN,2865
sp|Q96BF6|NACC2_HUMAN,456
sp|Q9BXP5|SRRT_HUMAN,669
sp|P22626|ROA2_HUMAN,120
sp|Q5QJE6|TDIF2_HUMAN,321
sp|P29375|KDM5A_HUMAN,191
sp|P68363|TBA1B_HUMAN,112
sp|Q71U36|TBA1A_HUMAN,112
sp|Q9UBW7|ZMYM2_HUMAN,532
sp|Q86T24|KAISO_HUMAN,479
sp|O00148|DX39A_HUMAN,35
sp|Q15699|ALX1_HUMAN,82
sp|Q68DI1|ZN776_HUMAN,304
sp|Q6RFH5|WDR74_HUMAN,21
sp|P20700|LMNB1_HUMAN,389
sp|Q03252|LMNB2_HUMAN,403
sp|Q5T3J3|LRIF1_HUMAN,325
sp|O60885|BRD4_HUMAN,1050
sp|P11388|TOP2A_HUMAN,662
sp|Q96KB5|TOPK_HUMAN,65
sp|Q02880|TOP2B_HUMAN,683
sp|Q9Y618|NCOR2_HUMAN,2026
sp|Q9H2Y7|ZN106_HUMAN,1454
sp|P04083|ANXA1_HUMAN,214
sp|Q9NRR4|RNC_HUMAN,409
sp|Q6P1L6|ZN343_HUMAN,435
sp|Q66K89|E4F1_HUMAN,545
sp|Q9ULW0|TPX2_HUMAN,256
sp|Q9BQE3|TBA1C_HUMAN,112
sp|Q13506|NAB1_HUMAN,480
sp|P54132|BLM_HUMAN,1082
sp|O75820|ZN189_HUMAN,88
sp|Q9HC78|ZBT20_HUMAN,330
sp|Q96LW9|ZSC31_HUMAN,14
sp|P62280|RS11_HUMAN,59
sp|P19105|ML12A_HUMAN,150
sp|O14950|ML12B_HUMAN,151
sp|Q13263|TIF1B_HUMAN,366
sp|P02545|LMNA_HUMAN,378
sp|P20700|LMNB1_HUMAN,379
sp|Q03252|LMNB2_HUMAN,393
sp|Q02880|TOP2B_HUMAN,1227
sp|Q9UER7|DAXX_HUMAN,637
sp|Q9H3M7|TXNIP_HUMAN,167
sp|Q02447|SP3_HUMAN,551
sp|P61978|HNRPK_HUMAN,219
sp|Q9Y5B9|SP16H_HUMAN,647
sp|Q9NX58|LYAR_HUMAN,207
sp|Q8N3Z6|ZCHC7_HUMAN,537
sp|P78347|GTF2I_HUMAN,991
sp|P55795|HNRH2_HUMAN,35
sp|Q12873|CHD3_HUMAN,627
sp|Q96B23|CR025_HUMAN,358
sp|Q8ND82|Z280C_HUMAN,75
sp|Q9ULJ3|ZBT21_HUMAN,40
sp|Q00839|HNRPU_HUMAN,265
sp|Q03112|MECOM_HUMAN,555
sp|Q8NCN4|RN169_HUMAN,433
sp|Q9UER7|DAXX_HUMAN,277
sp|P55265|DSRAD_HUMAN,1003
sp|Q9BYG3|MK67I_HUMAN,271
sp|O60563|CCNT1_HUMAN,342
sp|P62263|RS14_HUMAN,125
sp|Q5QJE6|TDIF2_HUMAN,257
sp|Q6N043|Z280D_HUMAN,126
sp|Q96JM3|CHAP1_HUMAN,490
sp|Q9BUJ2|HNRL1_HUMAN,117
sp|Q9Y4E5|ZN451_HUMAN,706
sp|P0CG47|UBB_HUMAN,63
tr|A0A2R8Y422|A0A2R8Y422_HUMAN,63
sp|P0CG48|UBC_HUMAN,63
sp|P62979|RS27A_HUMAN,63
sp|P62987|RL40_HUMAN,63
sp|P78347|GTF2I_HUMAN,561
sp|Q04695|K1C17_HUMAN,419
sp|Q9UQL6|HDAC5_HUMAN,35
sp|P46100|ATRX_HUMAN,1546
sp|P51991|ROA3_HUMAN,4
sp|P61254|RL26_HUMAN,2
sp|Q9UNX3|RL26L_HUMAN,2
sp|Q13347|EIF3I_HUMAN,2
sp|Q96T23|RSF1_HUMAN,254
sp|Q86T24|KAISO_HUMAN,390
sp|Q15047|SETB1_HUMAN,1069
sp|P62249|RS16_HUMAN,4
sp|Q04695|K1C17_HUMAN,15
sp|Q07666|KHDR1_HUMAN,102
sp|Q96GN5|CDA7L_HUMAN,347
sp|Q9BYG3|MK67I_HUMAN,38
sp|Q15003|CND2_HUMAN,725
sp|P78545|ELF3_HUMAN,362
sp|P35555|FBN1_HUMAN,2298
sp|Q03188|CENPC_HUMAN,534
sp|Q5VYV7|SLX4I_HUMAN,356
sp|O75152|ZC11A_HUMAN,269
sp|A0A1B0GTU1|ZC11B_HUMAN,269
sp|Q15072|OZF_HUMAN,28
sp|Q70SY1|CR3L2_HUMAN,178
sp|Q01167|FOXK2_HUMAN,527
sp|P78347|GTF2I_HUMAN,140
sp|Q9Y314|NOSIP_HUMAN,157
sp|O75376|NCOR1_HUMAN,1518
sp|P05783|K1C18_HUMAN,426
sp|Q9H9D4|ZN408_HUMAN,494
sp|P31943|HNRH1_HUMAN,14
sp|Q9H3M7|TXNIP_HUMAN,287
sp|P02545|LMNA_HUMAN,233
sp|Q6PJT7|ZC3HE_HUMAN,99
sp|P49759|CLK1_HUMAN,50
sp|Q6IE81|JADE1_HUMAN,114
sp|P54132|BLM_HUMAN,662
sp|Q2TAK8|PWP3A_HUMAN,538
sp|O75820|ZN189_HUMAN,67
sp|Q9P0W2|HM20B_HUMAN,31
sp|Q9Y2G9|SBNO2_HUMAN,939
sp|P17844|DDX5_HUMAN,411
sp|Q96IT1|ZN496_HUMAN,496
sp|Q14320|FA50A_HUMAN,195
sp|Q9BUJ2|HNRL1_HUMAN,270
sp|Q9UJW8|ZN180_HUMAN,330
sp|O95677|EYA4_HUMAN,14
sp|P27694|RFA1_HUMAN,489
sp|Q8IWS0|PHF6_HUMAN,349
sp|P61956|SUMO2_HUMAN,11
sp|Q9H410|DSN1_HUMAN,253
sp|P52747|ZN143_HUMAN,213
sp|Q9H2Y7|ZN106_HUMAN,243
sp|Q9NW82|WDR70_HUMAN,332
sp|Q9H582|ZN644_HUMAN,485
sp|P78347|GTF2I_HUMAN,539
sp|Q6PJG2|MDEAS_HUMAN,206
sp|O75928|PIAS2_HUMAN,162
sp|P17014|ZNF12_HUMAN,309
sp|Q6IS14|IF5AL_HUMAN,126
sp|O75123|ZN623_HUMAN,333
sp|P17275|JUNB_HUMAN,4
sp|Q08J23|NSUN2_HUMAN,46
sp|Q8NHM5|KDM2B_HUMAN,890
sp|Q5VZL5|ZMYM4_HUMAN,250
sp|P04150|GCR_HUMAN,681
sp|P63241|IF5A1_HUMAN,126
sp|Q9Y2X9|ZN281_HUMAN,498
sp|Q14207|NPAT_HUMAN,1149
sp|P63165|SUMO1_HUMAN,25
sp|P11388|TOP2A_HUMAN,1492
sp|Q9ULM3|YETS2_HUMAN,1110
sp|O15446|RPA34_HUMAN,270
sp|Q9UPN9|TRI33_HUMAN,776
sp|Q03933|HSF2_HUMAN,82
sp|Q9BXY0|MAK16_HUMAN,171
sp|Q6P0N0|M18BP_HUMAN,1079
sp|Q92802|N42L2_HUMAN,9
sp|O75534|CSDE1_HUMAN,91
sp|Q9H040|SPRTN_HUMAN,361
sp|Q9H422|HIPK3_HUMAN,27
sp|P18850|ATF6A_HUMAN,290
sp|Q8WYK2|JDP2_HUMAN,65
sp|Q06730|ZN33A_HUMAN,676
sp|Q96SQ5|ZN587_HUMAN,336
sp|Q8TAU3|ZN417_HUMAN,336
sp|P59923|ZN445_HUMAN,609
sp|Q9BR77|CCD77_HUMAN,477
sp|Q969X6|UTP4_HUMAN,281
sp|Q6PL18|ATAD2_HUMAN,1378
sp|Q9BRH9|ZN251_HUMAN,403
sp|Q5VUA4|ZN318_HUMAN,281
sp|Q8N680|ZBTB2_HUMAN,362
sp|P22415|USF1_HUMAN,306
sp|Q9P1Y6|PHRF1_HUMAN,768
sp|Q9H9A7|RMI1_HUMAN,334
sp|Q9NVN8|GNL3L_HUMAN,482
sp|Q9BRX2|PELO_HUMAN,46
sp|Q8N720|ZN655_HUMAN,77
sp|Q9BR61|ACBD6_HUMAN,188
sp|P28698|MZF1_HUMAN,723
sp|P17036|ZNF3_HUMAN,173
sp|Q2VY69|ZN284_HUMAN,439
sp|Q09028|RBBP4_HUMAN,160
sp|Q9UHF7|TRPS1_HUMAN,766
sp|Q96T88|UHRF1_HUMAN,279
sp|Q9UBU7|DBF4A_HUMAN,408
sp|Q9Y2W1|TR150_HUMAN,486
sp|Q96DY7|MTBP_HUMAN,752
sp|Q9P0U4|CXXC1_HUMAN,250
sp|B7Z6K7|ZN814_HUMAN,280
sp|E7ETH6|Z587B_HUMAN,253
sp|Q9Y3Z3|SAMH1_HUMAN,622
sp|Q86T24|KAISO_HUMAN,582
sp|Q8N3Z6|ZCHC7_HUMAN,254
sp|Q96IZ5|RBM41_HUMAN,270
sp|E7ETH6|Z587B_HUMAN,366
sp|Q9BRH9|ZN251_HUMAN,114
sp|Q6P1R4|DUS1L_HUMAN,3
sp|P41212|ETV6_HUMAN,421
sp|Q15398|DLGP5_HUMAN,193
sp|Q9C009|FOXQ1_HUMAN,2
sp|Q13263|TIF1B_HUMAN,127
sp|Q6P1L6|ZN343_HUMAN,323
sp|Q13148|TADBP_HUMAN,181
sp|Q8IWI9|MGAP_HUMAN,2238
sp|P06493|CDK1_HUMAN,201
sp|Q9UGL1|KDM5B_HUMAN,1121
sp|Q9NVU0|RPC5_HUMAN,659
sp|Q9Y2W1|TR150_HUMAN,711
sp|P05787|K2C8_HUMAN,304
sp|P78347|GTF2I_HUMAN,715
sp|Q8IWS0|PHF6_HUMAN,173
sp|Q96EY4|TMA16_HUMAN,15
sp|Q9NWQ4|GPT2L_HUMAN,148
sp|Q15185|TEBP_HUMAN,79
sp|O94906|PRP6_HUMAN,683
sp|P78563|RED1_HUMAN,523
sp|P39748|FEN1_HUMAN,201
sp|Q14192|FHL2_HUMAN,167
sp|Q16666|IF16_HUMAN,451
sp|P08708|RS17_HUMAN,129
sp|Q9H2Y7|ZN106_HUMAN,144
sp|Q9ULW0|TPX2_HUMAN,220
sp|Q9NYW8|RBAK_HUMAN,663
sp|Q9BZE4|GTPB4_HUMAN,534
sp|Q9C0B1|FTO_HUMAN,216
sp|P43243|MATR3_HUMAN,132
sp|P31948|STIP1_HUMAN,210
sp|P27635|RL10_HUMAN,175
sp|Q9H307|PININ_HUMAN,109
sp|P05423|RPC4_HUMAN,199
sp|Q9BYW2|SETD2_HUMAN,637
sp|P62249|RS16_HUMAN,109
sp|Q14865|ARI5B_HUMAN,935
sp|Q8IY92|SLX4_HUMAN,291
sp|Q9NYW8|RBAK_HUMAN,259
sp|Q8ND82|Z280C_HUMAN,241
sp|Q2NL82|TSR1_HUMAN,476
sp|P51508|ZNF81_HUMAN,496
sp|Q9NY74|ETAA1_HUMAN,183
sp|Q16666|IF16_HUMAN,734
sp|Q13151|ROA0_HUMAN,106
sp|Q7Z5J4|RAI1_HUMAN,811
sp|P50995|ANX11_HUMAN,255
sp|Q9BWT1|CDCA7_HUMAN,364
sp|Q9P0W2|HM20B_HUMAN,208
sp|Q6KB66|K2C80_HUMAN,356
sp|Q1ED39|KNOP1_HUMAN,353
sp|Q9H2Y7|ZN106_HUMAN,721
sp|O15226|NKRF_HUMAN,561
sp|Q9H3M7|TXNIP_HUMAN,228
sp|Q63HK3|ZKSC2_HUMAN,529
sp|Q15047|SETB1_HUMAN,715
sp|Q96K58|ZN668_HUMAN,352
sp|Q96FC9|DDX11_HUMAN,460
sp|Q32P41|TRM5_HUMAN,502
sp|Q32P41|TRM5_HUMAN,357
sp|Q92802|N42L2_HUMAN,509
sp|Q6UX04|CWC27_HUMAN,237
sp|Q14839|CHD4_HUMAN,1572
sp|Q9NVM9|INT13_HUMAN,611
sp|A8MPP1|D11L8_HUMAN,462
sp|Q9NYF8|BCLF1_HUMAN,831
sp|Q12830|BPTF_HUMAN,1088
sp|P39023|RL3_HUMAN,366
sp|O43172|PRP4_HUMAN,159
sp|P22626|ROA2_HUMAN,22
sp|Q5T3J3|LRIF1_HUMAN,470
sp|Q6ZU65|UBN2_HUMAN,694
sp|Q9H334|FOXP1_HUMAN,442
sp|Q03112|MECOM_HUMAN,622
sp|Q13148|TADBP_HUMAN,121
sp|O75925|PIAS1_HUMAN,238
sp|Q13428|TCOF_HUMAN,755
sp|B7Z6K7|ZN814_HUMAN,335
sp|Q96BF6|NACC2_HUMAN,174
sp|Q9NY65|TBA8_HUMAN,96
sp|Q9H3R0|KDM4C_HUMAN,1031
sp|Q04695|K1C17_HUMAN,278
sp|Q9UHL9|GT2D1_HUMAN,813
sp|Q15233|NONO_HUMAN,371
sp|Q9H582|ZN644_HUMAN,712
sp|P27635|RL10_HUMAN,121
sp|Q96L21|RL10L_HUMAN,121
sp|Q9H410|DSN1_HUMAN,338
sp|P52597|HNRPF_HUMAN,200
sp|P52739|ZN131_HUMAN,289
sp|Q9H582|ZN644_HUMAN,1133
sp|P21675|TAF1_HUMAN,549
sp|Q96RL1|UIMC1_HUMAN,544
sp|P17275|JUNB_HUMAN,304
sp|O75123|ZN623_HUMAN,517
sp|Q9ULW0|TPX2_HUMAN,567
sp|Q96T88|UHRF1_HUMAN,626
sp|Q9NS91|RAD18_HUMAN,376
sp|Q6ZN19|ZN841_HUMAN,791
sp|Q8NCF5|NF2IP_HUMAN,129
sp|P68366|TBA4A_HUMAN,96
sp|Q9H2Y7|ZN106_HUMAN,356
sp|P22087|FBRL_HUMAN,109
sp|P33993|MCM7_HUMAN,308
sp|Q99547|MPH6_HUMAN,153
sp|Q9ULX6|AKP8L_HUMAN,544
sp|P46013|KI67_HUMAN,2613
sp|Q8N184|ZN567_HUMAN,173
sp|Q9H4L7|SMRCD_HUMAN,695
sp|P13010|XRCC5_HUMAN,325
sp|Q8NCN4|RN169_HUMAN,236
sp|P78347|GTF2I_HUMAN,891
sp|Q9HCI6|K1586_HUMAN,85
sp|P46100|ATRX_HUMAN,1982
sp|Q9Y314|NOSIP_HUMAN,117
sp|Q03112|MECOM_HUMAN,1152
sp|Q8IWS0|PHF6_HUMAN,345
sp|Q13418|ILK_HUMAN,191
sp|Q8N7H5|PAF1_HUMAN,160
sp|Q92995|UBP13_HUMAN,176
sp|Q8TAT5|NEIL3_HUMAN,458
sp|Q8NG31|KNL1_HUMAN,1072
sp|O95243|MBD4_HUMAN,215
sp|Q08J23|NSUN2_HUMAN,516
sp|Q96T88|UHRF1_HUMAN,546
sp|P46013|KI67_HUMAN,1093
sp|Q9Y4E5|ZN451_HUMAN,288
sp|Q8NCD3|HJURP_HUMAN,581
sp|O60493|SNX3_HUMAN,86
sp|O75925|PIAS1_HUMAN,152
sp|P62263|RS14_HUMAN,106
sp|P48507|GSH0_HUMAN,158
sp|Q9NRZ9|HELLS_HUMAN,122
sp|Q9UGL1|KDM5B_HUMAN,242
sp|Q9Y4E5|ZN451_HUMAN,275
sp|P46100|ATRX_HUMAN,2097
sp|P48552|NRIP1_HUMAN,756
sp|Q9HBH9|MKNK2_HUMAN,5
sp|Q53EL6|PDCD4_HUMAN,465
sp|Q96KB5|TOPK_HUMAN,169
sp|P35556|FBN2_HUMAN,1006
sp|O60315|ZEB2_HUMAN,391
sp|P38398|BRCA1_HUMAN,739
sp|P12956|XRCC6_HUMAN,556
sp|Q13151|ROA0_HUMAN,159
sp|P49750|YLPM1_HUMAN,1053
sp|Q14320|FA50A_HUMAN,48
sp|Q01780|EXOSX_HUMAN,583
sp|P52272|HNRPM_HUMAN,685
sp|P07910|HNRPC_HUMAN,89
sp|P28340|DPOD1_HUMAN,574
sp|Q86VM9|ZCH18_HUMAN,661
sp|Q96BD8|SKA1_HUMAN,117
sp|Q8IXT5|RB12B_HUMAN,151
sp|Q8N999|CL029_HUMAN,20
sp|Q15366|PCBP2_HUMAN,185
sp|P35556|FBN2_HUMAN,2435
sp|Q9NRE2|TSH2_HUMAN,966
sp|Q00653|NFKB2_HUMAN,298
sp|Q14191|WRN_HUMAN,1389
sp|Q5VWG9|TAF3_HUMAN,746
sp|Q5QJE6|TDIF2_HUMAN,227
sp|O75533|SF3B1_HUMAN,214
sp|Q8WY36|BBX_HUMAN,169
sp|Q9Y6X2|PIAS3_HUMAN,230
sp|P43243|MATR3_HUMAN,487
sp|Q9Y4E5|ZN451_HUMAN,664
sp|Q16649|NFIL3_HUMAN,337
sp|Q9NXR8|ING3_HUMAN,167
sp|Q6PJT7|ZC3HE_HUMAN,728
sp|P18621|RL17_HUMAN,159
sp|P0DPH7|TBA3C_HUMAN,96
sp|Q71U36|TBA1A_HUMAN,96
sp|Q8TAQ2|SMRC2_HUMAN,848
sp|A6NHR9|SMHD1_HUMAN,1976
sp|P28340|DPOD1_HUMAN,653
sp|P12956|XRCC6_HUMAN,123
sp|Q12948|FOXC1_HUMAN,138
sp|Q99958|FOXC2_HUMAN,132
sp|P11388|TOP2A_HUMAN,1385
sp|P18858|DNLI1_HUMAN,244
sp|Q96BD5|PF21A_HUMAN,65
sp|Q9ULW0|TPX2_HUMAN,477
sp|Q92766|RREB1_HUMAN,615
sp|Q9UKX7|NUP50_HUMAN,353
sp|Q8WVV9|HNRLL_HUMAN,26
sp|O75151|PHF2_HUMAN,80
sp|Q6PJT7|ZC3HE_HUMAN,357
sp|A8MW92|P20L1_HUMAN,79
sp|Q9Y4E5|ZN451_HUMAN,153
sp|Q8IVH2|FOXP4_HUMAN,246
sp|Q9H2P0|ADNP_HUMAN,606
sp|Q7L590|MCM10_HUMAN,854
sp|Q14980|NUMA1_HUMAN,1822
sp|Q99633|PRP18_HUMAN,5
sp|Q14592|ZN460_HUMAN,306
sp|Q15366|PCBP2_HUMAN,23
sp|Q15365|PCBP1_HUMAN,23
sp|P57721|PCBP3_HUMAN,55
sp|P50995|ANX11_HUMAN,378
sp|P46013|KI67_HUMAN,2852
sp|Q16666|IF16_HUMAN,116
sp|Q96RE7|NACC1_HUMAN,483
sp|Q9HCM7|FBSL_HUMAN,858
sp|Q8NDX5|PHC3_HUMAN,966
sp|Q8IXK0|PHC2_HUMAN,841
sp|Q9H410|DSN1_HUMAN,13
sp|Q96C92|ENTR1_HUMAN,349
sp|Q8NC51|PAIRB_HUMAN,228
sp|P62249|RS16_HUMAN,33
sp|P46013|KI67_HUMAN,1035
sp|Q96MU7|YTDC1_HUMAN,96
sp|Q6AHZ1|Z518A_HUMAN,994
sp|O95391|SLU7_HUMAN,482
sp|Q13352|CENPR_HUMAN,8
sp|Q86WJ1|CHD1L_HUMAN,263
sp|Q7Z2E3|APTX_HUMAN,198
sp|Q96G25|MED8_HUMAN,112
sp|Q02878|RL6_HUMAN,5
sp|O43290|SNUT1_HUMAN,709
sp|Q9Y2K1|ZBTB1_HUMAN,328
sp|Q76L83|ASXL2_HUMAN,1232
sp|Q17R98|ZN827_HUMAN,466
sp|Q5QJE6|TDIF2_HUMAN,686
sp|O96028|NSD2_HUMAN,1337
sp|O75928|PIAS2_HUMAN,380
sp|O43172|PRP4_HUMAN,15
sp|Q9BQI6|SLF1_HUMAN,365
sp|P48643|TCPE_HUMAN,210
sp|P41162|ETV3_HUMAN,381
sp|O00311|CDC7_HUMAN,268
sp|Q9NS91|RAD18_HUMAN,115
sp|Q9NYZ3|GTSE1_HUMAN,6
sp|Q9Y4E5|ZN451_HUMAN,423
sp|P49368|TCPG_HUMAN,15
sp|Q9H2Y7|ZN106_HUMAN,1737
sp|Q9Y2K7|KDM2A_HUMAN,505
sp|Q9UQR0|SCML2_HUMAN,184
sp|Q9BY42|RTF2_HUMAN,245
sp|P62937|PPIA_HUMAN,125
sp|Q9UNP9|PPIE_HUMAN,88
sp|Q9H2Y7|ZN106_HUMAN,525
sp|Q8IWS0|PHF6_HUMAN,266
sp|P68363|TBA1B_HUMAN,96
sp|Q99728|BARD1_HUMAN,217
sp|P60842|IF4A1_HUMAN,68
sp|Q13151|ROA0_HUMAN,176
sp|P11388|TOP2A_HUMAN,1442
sp|Q8NB50|ZFP62_HUMAN,82
sp|Q96KB5|TOPK_HUMAN,8
sp|Q6P0N0|M18BP_HUMAN,983
sp|Q00839|HNRPU_HUMAN,524
sp|Q6P6C2|ALKB5_HUMAN,132
sp|Q96QE3|ATAD5_HUMAN,793
sp|P17480|UBF1_HUMAN,160
sp|O00311|CDC7_HUMAN,235
sp|Q96PK6|RBM14_HUMAN,149
sp|Q96NC0|ZMAT2_HUMAN,45
sp|O75928|PIAS2_HUMAN,489
sp|Q86VM9|ZCH18_HUMAN,510
sp|Q969G3|SMCE1_HUMAN,277
sp|Q9H707|ZN552_HUMAN,308
sp|Q15742|NAB2_HUMAN,517
sp|O15226|NKRF_HUMAN,500
sp|Q9BQE3|TBA1C_HUMAN,96
sp|P0DPH8|TBA3D_HUMAN,96
sp|P17028|ZNF24_HUMAN,367
sp|P17014|ZNF12_HUMAN,283
sp|Q9NYW8|RBAK_HUMAN,275
sp|Q9ULW0|TPX2_HUMAN,421
sp|Q9HD26|GOPC_HUMAN,102
sp|O95243|MBD4_HUMAN,328
sp|Q6NS38|ALKB2_HUMAN,16
sp|Q9UBU9|NXF1_HUMAN,304
sp|Q00613|HSF1_HUMAN,224
sp|P78347|GTF2I_HUMAN,736
sp|Q00839|HNRPU_HUMAN,574
sp|P52736|ZN133_HUMAN,576
sp|P17028|ZNF24_HUMAN,236
sp|P78347|GTF2I_HUMAN,130
sp|Q9Y618|NCOR2_HUMAN,1168
sp|O75030|MITF_HUMAN,79
sp|Q13263|TIF1B_HUMAN,469
sp|Q15424|SAFB1_HUMAN,294
sp|Q14151|SAFB2_HUMAN,293
sp|Q9Y4E5|ZN451_HUMAN,77
sp|Q04695|K1C17_HUMAN,172
sp|P08727|K1C19_HUMAN,168
sp|Q96C00|ZBTB9_HUMAN,286
sp|Q96L73|NSD1_HUMAN,2616
sp|Q9NX65|ZSC32_HUMAN,152
sp|Q16881|TRXR1_HUMAN,405
sp|Q56NI9|ESCO2_HUMAN,129
sp|Q8NEM7|SP20H_HUMAN,155
sp|P17020|ZNF16_HUMAN,253
sp|Q68DI1|ZN776_HUMAN,196
sp|Q15233|NONO_HUMAN,295
sp|Q9BYG3|MK67I_HUMAN,139
sp|Q9Y3A2|UTP11_HUMAN,86
sp|P46013|KI67_HUMAN,587
sp|Q9Y2X3|NOP58_HUMAN,497
sp|Q96FZ2|HMCES_HUMAN,306
sp|Q99708|CTIP_HUMAN,449
sp|A6NKT7|RGPD3_HUMAN,1206
sp|O14715|RGPD8_HUMAN,1205
sp|Q7Z3J3|RGPD4_HUMAN,1206
sp|P0DJD0|RGPD1_HUMAN,1190
sp|P0DJD1|RGPD2_HUMAN,1198
sp|P49792|RBP2_HUMAN,2181
sp|Q99666|RGPD5_HUMAN,1205
sp|P49756|RBM25_HUMAN,578
sp|Q13263|TIF1B_HUMAN,804
sp|P26599|PTBP1_HUMAN,13
sp|Q52LR7|EPC2_HUMAN,324
sp|P61956|SUMO2_HUMAN,21
sp|Q8N1G0|ZN687_HUMAN,285
sp|Q5T3J3|LRIF1_HUMAN,370
sp|Q9HCK1|ZDBF2_HUMAN,1079
sp|Q53GI3|ZN394_HUMAN,443
sp|Q13263|TIF1B_HUMAN,407
sp|Q14151|SAFB2_HUMAN,551
sp|P23528|COF1_HUMAN,164
sp|Q15398|DLGP5_HUMAN,347
sp|P14618|KPYM_HUMAN,270
sp|O00257|CBX4_HUMAN,268
sp|Q5T5X7|BEND3_HUMAN,20
sp|Q9BUA3|SPNDC_HUMAN,48
sp|Q9NRZ9|HELLS_HUMAN,85
sp|Q9UKV3|ACINU_HUMAN,315
sp|P57059|SIK1_HUMAN,151
sp|A0A0B4J2F2|SIK1B_HUMAN,151
sp|Q9NWF9|RN216_HUMAN,354
sp|Q8IVC4|ZN584_HUMAN,206
sp|P35869|AHR_HUMAN,254
sp|Q9BQI6|SLF1_HUMAN,348
sp|Q9UKL3|C8AP2_HUMAN,1213
sp|P43243|MATR3_HUMAN,617
sp|Q9P209|CEP72_HUMAN,160
sp|Q6NT76|HMBX1_HUMAN,413
sp|O15015|ZN646_HUMAN,1157
sp|Q96RL1|UIMC1_HUMAN,20
sp|Q86T24|KAISO_HUMAN,407
sp|P31943|HNRH1_HUMAN,35
sp|P60981|DEST_HUMAN,132
sp|P42166|LAP2A_HUMAN,17
sp|Q9UIS9|MBD1_HUMAN,538
sp|Q5T3J3|LRIF1_HUMAN,279
sp|Q9NYD6|HXC10_HUMAN,215
sp|Q9Y2X9|ZN281_HUMAN,622
sp|P17844|DDX5_HUMAN,437
sp|Q99958|FOXC2_HUMAN,214
sp|Q3T8J9|GON4L_HUMAN,1294
sp|Q9H869|YYAP1_HUMAN,750
sp|Q9UID6|ZN639_HUMAN,181
sp|Q8NDT2|RB15B_HUMAN,213
sp|P54132|BLM_HUMAN,105
sp|Q86VM9|ZCH18_HUMAN,622
sp|Q9UGI8|TES_HUMAN,183
sp|O95400|CD2B2_HUMAN,26
sp|Q9ULW0|TPX2_HUMAN,75
sp|Q06830|PRDX1_HUMAN,93
sp|Q9UJW8|ZN180_HUMAN,304
sp|P48643|TCPE_HUMAN,160
sp|Q8WUH1|CHUR_HUMAN,47
sp|P19338|NUCL_HUMAN,577
sp|Q969R5|LMBL2_HUMAN,675
sp|Q13129|RLF_HUMAN,839
sp|P83731|RL24_HUMAN,2
sp|Q6P1J9|CDC73_HUMAN,283
sp|Q9UBW7|ZMYM2_HUMAN,98
sp|Q8N3Z6|ZCHC7_HUMAN,444
sp|Q9HD26|GOPC_HUMAN,416
sp|Q96RL1|UIMC1_HUMAN,607
sp|P49005|DPOD2_HUMAN,125
sp|Q9Y4E5|ZN451_HUMAN,543
sp|Q9H2P0|ADNP_HUMAN,1035
sp|Q2KHR3|QSER1_HUMAN,803
sp|Q15233|NONO_HUMAN,109
sp|P10244|MYBB_HUMAN,509
sp|P31943|HNRH1_HUMAN,98
sp|O14503|BHE40_HUMAN,279
sp|P15036|ETS2_HUMAN,7
sp|Q9BWF3|RBM4_HUMAN,3
sp|Q9BQ04|RBM4B_HUMAN,3
sp|Q12905|ILF2_HUMAN,45
sp|Q5T3J3|LRIF1_HUMAN,353
sp|P30414|NKTR_HUMAN,323
sp|Q8N8R7|AL14E_HUMAN,88
sp|O95926|SYF2_HUMAN,143
sp|P78332|RBM6_HUMAN,386
sp|P62249|RS16_HUMAN,50
sp|O94913|PCF11_HUMAN,1511
sp|Q07666|KHDR1_HUMAN,175
sp|P07437|TBB5_HUMAN,324
sp|Q13885|TBB2A_HUMAN,324
sp|P68371|TBB4B_HUMAN,324
sp|Q9BVA1|TBB2B_HUMAN,324
sp|Q9H582|ZN644_HUMAN,1205
sp|P83731|RL24_HUMAN,27
sp|P43243|MATR3_HUMAN,719
sp|P62937|PPIA_HUMAN,133
sp|Q07352|TISB_HUMAN,72
sp|Q15596|NCOA2_HUMAN,640
sp|Q8WTR7|ZN473_HUMAN,318
sp|Q5T3J3|LRIF1_HUMAN,427
sp|Q8WYB5|KAT6B_HUMAN,673
sp|Q99590|SCAFB_HUMAN,601
sp|O14776|TCRG1_HUMAN,503
sp|Q14865|ARI5B_HUMAN,803
sp|P26599|PTBP1_HUMAN,259
sp|O95758|PTBP3_HUMAN,257
sp|P17275|JUNB_HUMAN,36
sp|Q14151|SAFB2_HUMAN,517
sp|O43663|PRC1_HUMAN,487
sp|P38398|BRCA1_HUMAN,918
sp|Q9NY61|AATF_HUMAN,342
sp|O00257|CBX4_HUMAN,149
sp|Q9Y4E5|ZN451_HUMAN,434
sp|Q14592|ZN460_HUMAN,278
sp|Q9Y4B4|ARIP4_HUMAN,665
sp|P30414|NKTR_HUMAN,1193
sp|Q6MZP7|LIN54_HUMAN,661
sp|P07711|CATL1_HUMAN,104
sp|Q5T3J3|LRIF1_HUMAN,11
sp|Q9BZ95|NSD3_HUMAN,218
sp|Q9UGU0|TCF20_HUMAN,844
sp|Q5BKZ1|ZN326_HUMAN,467
sp|Q9HB19|PKHA2_HUMAN,118
sp|Q9NS56|TOPRS_HUMAN,760
sp|O94906|PRP6_HUMAN,178
sp|P21127|CD11B_HUMAN,660
sp|Q9HB19|PKHA2_HUMAN,102
sp|P62913|RL11_HUMAN,169
sp|P51991|ROA3_HUMAN,134
sp|Q9UQ88|CD11A_HUMAN,648
sp|P19338|NUCL_HUMAN,324
sp|Q6UB99|ANR11_HUMAN,1446
sp|Q9ULW0|TPX2_HUMAN,48
sp|Q92802|N42L2_HUMAN,165
sp|O00148|DX39A_HUMAN,240
sp|Q9UHL9|GT2D1_HUMAN,829
sp|P41212|ETV6_HUMAN,11
sp|Q2TAL8|QRIC1_HUMAN,28
sp|O15015|ZN646_HUMAN,1168
sp|Q9Y3A2|UTP11_HUMAN,120
sp|Q9GZV4|IF5A2_HUMAN,68
sp|P63241|IF5A1_HUMAN,68
sp|Q6IS14|IF5AL_HUMAN,68
sp|Q9ULJ6|ZMIZ1_HUMAN,834
sp|O00257|CBX4_HUMAN,212
sp|Q9Y2W1|TR150_HUMAN,470
sp|Q9NZJ0|DTL_HUMAN,660
sp|Q13506|NAB1_HUMAN,465
sp|Q96T23|RSF1_HUMAN,294
sp|Q9Y5J1|UTP18_HUMAN,183
sp|P29590|PML_HUMAN,490
sp|Q9Y3A2|UTP11_HUMAN,211
sp|Q9UKD2|MRT4_HUMAN,109
sp|Q9NYD6|HXC10_HUMAN,195
sp|P46013|KI67_HUMAN,163
sp|Q9P016|THYN1_HUMAN,60
sp|Q86YP4|P66A_HUMAN,550
sp|Q9UQR1|ZN148_HUMAN,115
sp|Q96HC4|PDLI5_HUMAN,89
sp|P46100|ATRX_HUMAN,1650
sp|P04035|HMDH_HUMAN,692
sp|O75446|SAP30_HUMAN,214
sp|Q92879|CELF1_HUMAN,109
sp|O75928|PIAS2_HUMAN,452
sp|Q2TAL8|QRIC1_HUMAN,360
sp|Q6P0N0|M18BP_HUMAN,753