"","DxK","DxKP","ExK","ExKP","IK","IKxD","IKxE","IKxEP","KL","KP","KxD","KxE","KxEP","KxG","KxN","KxP","KxQ","KxS","LKxD","LKxE","LKxEP","MKxE","PKxE","TKxE","VK","VKxE"
"blastocyst development",2.69428886116023,0.67527478120604,1.63805749528003e-08,0.00864772484997259,0.0281087781335799,0.388934924950111,0.272422685685839,NA,0.118964023790502,1.33752219610962e-13,0.375440872366625,0.0375833090776237,0.0300658895722145,0.0239424186915973,0.634251561866109,0.0512593143743645,0.0144024450623874,0.0542730202326103,0.182980886435108,2.67982029931984e-05,NA,0.102160521649848,0.0159603370356146,0.1960093611439,1.84689372710703e-06,1.26334555445866e-06
"cellular response to cytokine stimulus",2.53385857528371e-06,0.111940224876726,0.212696000292618,4.34257884679025e-05,0.493130390477027,0.108787189750855,0.152998006949209,0.149016190109606,0.628218737701759,1.33752219610962e-13,3.07568796223611e-06,0.667294228050407,0.615620751354418,1.25383041926606,0.266717052138279,0.207296781495762,0.190371851394171,0.181246652881284,0.0873278750607653,1.04061290943021,1.57995400286715,0.0511287708562047,0.0960080566140333,0.158172393080708,0.284961697490138,1.26334555445866e-06
"cellular response to endogenous stimulus",0.277242854744266,0.182297620085352,0.300266176511359,0.00864772484997259,2.47513794460869,0.300147230064798,1.0933831383757,0.516387353153893,2.98876604461992e-08,1.33752219610962e-13,0.128743031711232,0.261660794671156,0.938510961542516,0.0370930225736444,0.255104205493277,0.259847270755357,0.294008037341302,0.422382089257642,0.183886984033935,0.268858156600715,0.887405943384814,0.128041816449835,0.0966585193909917,0.119598218959701,0.771541128204671,1.26334555445866e-06
"cellular response to gamma radiation",0.815113713064003,0.297283287378979,0.952036674449048,0.00864772484997259,0.500110644498513,NA,NA,NA,0.412270793863164,0.302947245110589,0.536566930975588,0.665184562418948,0.041748960388426,NA,0.00408062747321727,1.38100464726585,0.0250479550846695,0.457078084676368,0.3061465307582,0.269123270012609,NA,NA,0.0927355614450281,0.483224834212502,0.0393032052639941,1.26334555445866e-06
"cellular response to hypoxia",2.53385857528371e-06,0.0581837313809268,0.185121794465513,0.00864772484997259,7.29621664521275e-07,NA,0.000947227343924787,0.117641144057257,2.98876604461992e-08,1.33752219610962e-13,3.07568796223611e-06,0.008133598065419,0.406541755063698,0.0134664269884072,7.81195514361514e-05,0.0363698897258057,0.0269705087995689,1.65356774261522e-06,NA,0.185998878079009,1.63265372021432,0.14558863161486,0.0354846001145771,NA,1.84689372710703e-06,1.26334555445866e-06
"cellular response to ionizing radiation",2.44546603429618,0.165016497430126,0.507208503051463,0.00864772484997259,0.921924608062315,0.426644302560289,0.0516944370929844,NA,0.714813827386663,1.33752219610962e-13,0.963007275083554,1.94108855182708,0.0858067540000683,0.0581892687603376,0.116360427315371,0.782520325059241,0.0144024450623874,1.26387974231785,0.301707142413344,0.357615624481536,0.73665258576204,0.116439534183366,0.442813255055141,0.681900402117981,0.175399993815912,1.26334555445866e-06
"cellular response to radiation",4.99815756298785,1.34867428574537,4.66234643923601,0.00864772484997259,4.09048777772794,0.71633600082506,0.880008396552518,0.140411250938503,1.97246828631003,1.33752219610962e-13,1.38875083521472,5.17564008020999,0.716557427704654,0.963933624646993,0.261510873429219,2.06008919182883,0.0269705087995689,2.67428295433194,0.183886984033935,0.045517752099119,0.519261611570736,0.128041816449835,0.403494166182653,0.693399732256392,1.30405426305097,0.442382402308506
"chromatin organization",9.24264354137248,0.959033547395999,12.64490557089,0.277242692910153,6.30005731282675,0.426644302560289,3.53489964539531,0.516387353153893,10.8941304364291,2.69000579328635,5.55612492116452,25.9565071279459,5.52079248301666,4.27666454910387,8.74287769541456,9.71014788659971,1.55664991126736,5.86557047953159,0.246467911939071,1.23569544908679,0.887405943384814,1.46672122837332,3.73230699729363,1.3065133272589,12.8843787193255,6.70447575219013
"chromatin remodeling",5.62157087098395,0.79311959062082,8.07147951729305,0.329607339832891,4.87771205422822,0.51601973966659,1.98204233222907,0.516387353153893,9.56141628771318,2.62540965920369,5.52596953965172,17.1637146088643,1.31870196720021,4.27666454910387,2.24893582005296,8.2586646632451,0.281338930048549,2.48212904654728,0.408178601730447,0.474274289114949,0.254778153604312,2.0535581165347,0.919621917030497,0.876518933779107,7.85795204911144,2.68588471620868
"chromosome organization",5.96899379080835,1.55607243226617,13.7942556940578,0.943999921098648,2.26863180370662,0.951482210896392,0.209592900844522,0.0665329741494631,9.45250754290077,2.35856111638703,5.50913912028571,8.52440902360379,0.0446798159955156,1.51031489154296,0.987306865736659,2.41046795348834,1.90302688897758,2.86473828940451,0.611553277159616,0.765990691362612,0.126879343850274,0.14558863161486,0.465812223073981,1.59568233007875,2.67595351625828,1.26334555445866e-06
"circadian regulation of gene expression",0.638787686499432,1.02385089861918,0.321675608358186,4.34257884679025e-05,1.97380147613148,0.258415695352126,0.923075138482686,0.516387353153893,1.41195857755576,1.33752219610962e-13,0.0220825770504974,1.59337727443629,0.382700574054892,0.0233506914126903,0.266717052138279,0.0363698897258057,0.207480444098759,0.332927451218783,NA,0.489904449470676,NA,0.116439534183366,0.744325456086075,0.400242884967854,1.09638570709233,0.048581673429791
"circadian rhythm",0.90990841331838,0.515156009289921,2.61516156385362,0.00864772484997259,2.92752613379852,0.319786594680784,2.05691972361874,0.516387353153893,1.77278382911957,1.33752219610962e-13,0.540256965875738,2.44778468870978,0.873385228822238,0.852830551351842,0.608013059725785,1.54626169852744,1.61480297531659,1.43473614036043,0.187471647568898,0.667966193354251,0.267617287517315,0.14558863161486,0.36287502394054,0.449949099186323,1.84006225290501,1.26334555445866e-06
"DNA repair",9.24264354137248,0.474619068966037,13.7942556940578,0.696191111450431,5.00382986841882,0.633265878598995,0.714961137296139,0.0529107297479675,8.70360319525171,0.515753125315776,5.7471197471194,14.5539853107925,0.450134332434338,2.2300595392977,0.732089977403158,3.71796880064646,3.61769864938641,6.5363695684709,0.373491946669206,0.86486850463413,0.407890406976943,0.14558863161486,0.928513612547306,5.75243734080469,4.2578929964191,0.142659377051962
"DNA-templated transcription elongation",5.59639737773644,0.601249538647932,1.50680115172473,0.00864772484997259,1.99707736721651,0.755268714635858,1.25809299903508,0.143560280184359,1.13076197024465,0.492420839645756,0.569307264724869,6.18222264130212,1.18840840507959,1.29480348072065,0.00936336160058413,1.54626169852744,0.0560864451053604,2.79787076774843,0.122881049940439,0.938590475013315,0.366348574139398,0.0760248680164054,4.01706430510967,0.375083758924682,1.38609766085638,0.300489760203941
"epigenetic regulation of gene expression",2.47951663008543,0.445713963671109,4.18941721128333,0.151824521775432,0.90796893478515,NA,0.347978749436608,0.149016190109606,1.38647427054592,0.408126632984492,0.775951128002721,7.31255642899482,0.482239067933741,0.52465957915273,2.14532046084442,1.60015743762745,0.190371851394171,4.03722059636304,0.12640198590111,0.709649242386246,0.757905237807896,0.14558863161486,0.481762296044135,0.141369758916719,3.71456731758864,1.220258593966
"facultative heterochromatin formation",1.73449814633344,0.88155334245227,0.855434054435768,0.0804940410159889,0.0412629753123525,NA,0.0362323975997172,NA,0.53169290748872,0.442366907931527,0.828767715263941,2.0288498537878,0.139396298293246,0.692275027040847,0.173629109471988,3.20596963730063,0.315331935938114,0.739862048761324,0.172166211637929,0.00340312740391036,0.490293898465853,0.14558863161486,0.0638572051539395,0.310695847213677,2.19564377116355,1.17337814845906
"hematopoietic or lymphoid organ development",0.264589268365861,0.378415573918093,0.708960241189932,4.34257884679025e-05,1.81138626104351,0.762081841726694,1.05839699323752,0.149016190109606,0.159577014941951,1.33752219610962e-13,0.0401341365620155,2.40707439007882,1.67417506496648,0.101923629336749,0.12505467666665,0.581405613875344,0.0269705087995689,0.958036035825403,0.0621901627150484,0.575839650844194,1.9064149623335,0.110973815660878,0.000802110789348685,0.193230238980555,1.54356236581892,0.593769934970864
"hemopoiesis",0.0975861432326185,0.111940224876726,0.899825818685509,4.34257884679025e-05,2.05966562070645,0.784804815801518,1.09599703606889,0.149016190109606,0.216547784345426,1.33752219610962e-13,0.116744284372662,2.61130444709933,1.81079821084182,0.184637332846472,0.116832179438936,0.71278725213176,0.0269705087995689,0.730027000331804,0.0696216744753421,0.653554095634194,1.9064149623335,0.0842957195789347,0.000802110789348685,0.222277750162067,1.05859200415679,0.520168547358998
"histone modification",5.27220278687614,0.548479261242353,4.66912469378104,0.541258403204627,5.70184883090974,0.454758938262302,3.99399094681917,0.516387353153893,6.11541405803595,0.761003360930635,2.22541351095025,14.5539853107925,2.19312988088056,1.82177894887594,2.17286674890912,6.86677766943308,0.984196458455468,1.83888864130183,0.151126141431272,0.709649242386246,0.601526261944366,0.182943926611101,0.892067019536855,0.985329246229289,8.39727451785408,5.18057075877022
"immune system development",0.596941369189164,0.474619068966037,1.0205695158192,4.34257884679025e-05,2.17647590083084,0.700736164510774,1.4477831692368,0.149016190109606,0.264630067412243,1.33752219610962e-13,3.07568796223611e-06,2.75799155227088,1.67417506496648,0.1571903190497,0.0983628141202798,0.455767136183448,0.229890438095117,1.13839028348997,0.0499331526749274,0.623086355930649,1.9064149623335,0.118338020652696,0.00450711425874653,0.478827855502263,1.39260150654518,0.493032356052402
"macromolecule methylation",0.301635393753704,0.0946115826436314,2.30162984655235,0.00864772484997259,0.631975694667049,0.122657290345207,0.872576571869412,0.149016190109606,1.54688298460394,1.33752219610962e-13,0.862106100283845,4.9276621956422,0.938510961542516,0.136296308616956,0.927645870388435,2.17965449166495,0.190371851394171,0.316206807946896,0.014909836730162,0.472216934885766,1.2558618147404,1.06209316497888,1.34816761644217,0.129872169066601,2.19564377116355,0.678802279489139
"mesenchyme morphogenesis",2.53385857528371e-06,0.0877592629328389,1.63805749528003e-08,0.00864772484997259,0.544277776739822,NA,0.0362323975997172,NA,2.98876604461992e-08,1.33752219610962e-13,3.07568796223611e-06,2.60594068604379e-11,NA,0.349728833448174,NA,2.30274068447992,NA,0.370743730081964,NA,NA,NA,NA,NA,NA,1.84689372710703e-06,1.26334555445866e-06
"mitotic G2/M transition checkpoint",1.98625385586909,0.27491466518761,0.114417652958566,0.00864772484997259,0.371174942762282,0.51601973966659,0.0362323975997172,NA,2.98876604461992e-08,0.302947245110589,1.42391079963119,1.80166570159733,0.171572273756304,0.358534308653681,0.0420940741422148,0.0402149846999643,0.325403744451166,0.593577350626603,0.183886984033935,0.307187417092294,NA,NA,NA,1.72195178577181,0.441296279842156,1.26334555445866e-06
"mononuclear cell differentiation",2.53385857528371e-06,0.111940224876726,0.486262933955222,4.34257884679025e-05,1.23660717229256,0.667540181463215,0.419977580755172,0.149016190109606,0.0572280920593429,1.33752219610962e-13,3.07568796223611e-06,0.844854121597428,1.12849056905199,0.238804695640523,0.00936336160058413,0.181585728288179,0.0134609366247293,0.830090054169997,0.0291428097929532,0.270687547416688,1.9064149623335,0.034968216241908,0.0485194331210234,0.303911142740079,1.84689372710703e-06,1.26334555445866e-06
"mRNA processing",6.08842912350332,0.304137781433498,8.69742401963379,0.0730204635853162,4.09048777772794,1.01159746834951,0.67564794692354,0.0956800718306721,10.6262340518552,0.23284598934618,9.21158528171882,9.55623045183933,0.115956550506677,3.70957671410736,0.579266780601078,3.87470831996735,2.16693020437809,6.5363695684709,1.63200474156078,0.765990691362612,0.164173836552131,0.14558863161486,1.34558112081942,1.44718439894166,5.37775901742475,1.26334555445866e-06
"mRNA transcription",0.332127087880333,0.285828696007684,1.63805749528003e-08,NA,1.55873668315299,NA,0.971678069606815,2.01490829070458,0.166446037146986,1.33752219610962e-13,0.163065243767555,0.644428918806765,1.81079821084182,0.383477458063608,0.00152817412095069,0.205738693963636,NA,1.65356774261522e-06,0.14195529572758,0.0146041863176022,0.466665090232541,0.128041816449835,0.0966585193909917,NA,1.84689372710703e-06,1.26334555445866e-06
"mRNA transcription by RNA polymerase II",0.0663332871984178,0.344284555401404,1.63805749528003e-08,NA,1.09851583920905,NA,1.14512193156414,2.01490829070458,2.98876604461992e-08,1.33752219610962e-13,0.0532399520284042,0.112333458638509,1.10947539019136,0.238804695640523,NA,1.63642882767796e-05,NA,1.65356774261522e-06,NA,2.67982029931984e-05,NA,0.128041816449835,0.0493334678547376,NA,1.84689372710703e-06,1.26334555445866e-06
"myeloid leukocyte differentiation",2.53385857528371e-06,0.17661535647205,1.63805749528003e-08,4.34257884679025e-05,0.253290979050524,NA,0.393397752458476,0.149016190109606,0.0912398633333688,1.33752219610962e-13,3.07568796223611e-06,1.01031809406607,1.81598476129455,0.0239424186915973,7.81195514361514e-05,0.0402149846999643,0.0144024450623874,0.432593912779409,NA,0.485944451156388,1.86645021405065,0.100656861339104,0.054040196109833,0.19435486934264,0.00119738567083131,1.26334555445866e-06
"negative regulation of binding",0.837882669580578,1.34867428574537,1.63805749528003e-08,0.00864772484997259,0.882051024300809,NA,0.11547281577702,0.0712766226316006,0.325837260521286,0.492420839645756,3.07568796223611e-06,0.538347109984761,0.347533727402262,1.613476672532,0.987306865736659,0.097296323466075,0.00148663847359321,0.487939703754989,0.172166211637929,0.140580418405429,0.573429950051652,0.129752188819851,0.0927355614450281,0.129872169066601,0.843675013234485,0.414808957099765
"NLS-bearing protein import into nucleus",2.31071024482955,NA,1.94936712479468,NA,NA,NA,NA,NA,2.43402117143377,1.33752219610962e-13,NA,1.27663829558413,3.5511809785796,1.57795248086802,NA,0.232306353170696,3.28300121225226,1.65356774261522e-06,NA,NA,NA,NA,0.0966585193909917,0.189245112587625,1.84689372710703e-06,NA
"peptidyl-lysine modification",1.98719436422969,0.310884927174412,3.08861813109151,0.319835594363472,5.12244118131671,0.426854802363367,2.75030529321184,0.860985156154948,3.86214890329696,1.33752219610962e-13,2.16747049050348,9.58434822103739,1.81079821084182,1.50151079819992,0.987306865736659,3.00136999701343,0.409047182587197,2.51237060480738,0.0570752746416296,0.709649242386246,0.399150942172984,0.128041816449835,1.63088965328505,0.922621359917229,4.89444881061724,3.02924658785114
"peptidyl-serine modification",2.99828419573312,10.0857352482414,1.63805749528003e-08,4.34257884679025e-05,0.00840025457499977,0.392811271782428,0.0087521950148229,0.102112311819536,2.98876604461992e-08,1.33752219610962e-13,0.143832906841827,2.60594068604379e-11,0.0446798159955156,0.0239424186915973,0.00152817412095069,1.63642882767796e-05,0.0180596959409693,0.122151503218012,0.182980886435108,0.424513180816894,0.672276904760898,0.112088692964952,0.0141540288806373,0.129872169066601,1.84689372710703e-06,1.26334555445866e-06
"peptidyl-serine phosphorylation",2.69428886116023,10.0857352482414,1.63805749528003e-08,4.34257884679025e-05,0.0191185813883736,0.411723931482258,0.0129026431907112,0.105580102422931,2.98876604461992e-08,0.101268652734859,0.212098334984298,2.60594068604379e-11,0.0495700905707404,0.0436451300062694,0.00152817412095069,1.63642882767796e-05,0.0247319272289472,0.15645152971761,0.182980886435108,0.475662569471869,0.692145738272656,0.11246028673164,0.0163815150646569,0.130426126949154,1.84689372710703e-06,1.26334555445866e-06
"positive regulation of chromosome organization",2.65973223681344,1.7751817394669,3.56216014686016,0.00864772484997259,1.94536783401001,0.766844765528152,0.500950655348844,NA,3.56776352089089,1.87815241508786,3.50084384363684,4.51950837380253,0.0124569979061885,0.357184367112306,0.221633448803335,1.68268833437053,0.396883246533693,1.39470736660527,0.408178601730447,0.86486850463413,0.298713583142281,0.0820737681637704,0.0966585193909917,0.847740666099942,1.58848078590366,1.26334555445866e-06
"positive regulation of developmental process",2.53385857528371e-06,0.275047211773315,1.63805749528003e-08,4.34257884679025e-05,4.88019233642305,0.426644302560289,3.57889196306775,0.342100045240865,2.98876604461992e-08,1.33752219610962e-13,3.07568796223611e-06,1.19583060903653,0.66739246988242,0.0230788541302875,0.00936336160058413,0.0125870618427875,0.0269705087995689,0.0542730202326103,0.176949253025019,0.00340312740391036,0.887405943384814,0.128041816449835,0.000802110789348685,0.872915285479561,0.153838104937418,1.26334555445866e-06
"positive regulation of DNA metabolic process",3.65600878085029,0.446661473399646,5.34328684734851,0.00864772484997259,4.98367973934896,0.97549403110562,1.1931402151847,0.149016190109606,5.96680520666275,0.715441533116761,3.52076531714813,9.55694320222927,0.417739300989055,1.509321611317,0.336178833461767,3.28977184522507,1.43540995038012,2.98366442215985,0.183886984033935,1.50400136355749,0.119245500632927,0.128993295359484,1.25186442080291,2.87455939476776,1.08390524160561,1.26334555445866e-06
"positive regulation of gene expression",0.910590930051964,0.420857306247636,1.10918196385595,4.34257884679025e-05,3.96849512292697,0.14328936370755,2.30469712682555,0.149016190109606,1.41021090660706,1.33752219610962e-13,0.014596004531361,1.56772372436429,0.873385228822238,1.69977049253223,0.987306865736659,0.989472705278995,0.543172203598584,1.11531332848005,0.182980886435108,0.00267246963408231,0.4293649203678,0.14558863161486,0.0966585193909917,0.427294921129835,0.830896551122015,1.26334555445866e-06
"positive regulation of viral genome replication",0.0344461582347367,0.0964188020396532,0.321675608358186,0.00864772484997259,0.318976601182141,NA,0.182772297661856,0.148095675585213,0.0421586192747441,1.33752219610962e-13,3.07568796223611e-06,0.877711727726037,0.0314678906112111,0.945047570698942,0.00408062747321727,0.0528481903885284,0.0336502811861938,0.0840129421176899,NA,0.00267246963408231,NA,1.46672122837332,0.0741442853844057,0.802852677253066,0.084261811877474,1.26334555445866e-06
"positive regulation of viral process",0.269250486759772,0.0818596143054556,0.114417652958566,0.00864772484997259,0.362190026846931,NA,0.330098137980406,0.140538890602459,0.108596869356667,1.33752219610962e-13,3.07568796223611e-06,1.13303254240332,0.0446798159955156,0.795368481248692,0.00936336160058413,0.587790671307251,0.0750646946276602,0.48944518188482,0.151126141431272,0.060669929326319,NA,1.46672122837332,0.0966585193909917,0.985329246229289,0.46533242059499,1.26334555445866e-06
"protein autophosphorylation",3.12454198560384,10.0857352482414,1.63805749528003e-08,4.34257884679025e-05,0.00840025457499977,NA,0.0261719522082615,0.0553133599181374,2.98876604461992e-08,0.761003360930635,3.07568796223611e-06,2.60594068604379e-11,0.0300658895722145,0.143743858912945,7.81195514361514e-05,1.63642882767796e-05,0.0269705087995689,1.65356774261522e-06,NA,0.631415939629146,0.283404797614608,NA,0.00406389786060367,0.110017872033553,1.84689372710703e-06,1.26334555445866e-06
"protein localization to chromosome",1.02512363662931,0.305563895540394,1.82765158317519,0.00864772484997259,0.851021187216937,0.537641662416979,0.182772297661856,0.0712766226316006,1.92620936574333,0.0224142436794162,1.65508858009787,4.17941396508089,0.0446798159955156,0.85572533038398,0.141173397223715,1.15227580019691,0.0250479550846695,0.141616799014759,0.0798111753732224,0.407988000762225,0.30985821345964,0.129752188819851,0.0927355614450281,0.633441106727478,1.06611639470733,0.0125694116465953
"protein localization to chromosome, telomeric region",0.429375242771851,0.0946115826436314,1.77228451236497,0.00864772484997259,1.11687109816462,0.360641356306074,0.570960739136243,0.145519385099859,1.2849909253362,1.33752219610962e-13,1.54751100540114,1.83861084510138,0.0300658895722145,0.223469640883838,0.554265448633695,0.554055114750523,0.0269705087995689,0.252140928472043,0.182980886435108,0.611053328069181,NA,NA,0.0721380915581639,0.382706498877212,0.437393835504494,1.26334555445866e-06
"protein localization to nucleolus",1.72598212030143,0.111940224876726,0.148642061161742,NA,0.122097859871618,NA,0.0344431513101688,NA,0.038030214021286,1.33752219610962e-13,0.695000971897863,0.10915165365174,NA,0.155953648877475,0.00936336160058413,0.167329507955472,0.133162237100587,1.81093914240604,NA,NA,NA,NA,0.0955814472537565,0.531612687935329,1.84689372710703e-06,1.26334555445866e-06
"protein localization to nucleus",3.89757189342409,0.208957683856226,1.14267584694239,0.00864772484997259,0.458711624389171,0.422503948734521,0.126115577464069,0.124143399075092,1.52329262221931,1.33752219610962e-13,0.588903843571521,1.80036079674622,0.442634523025142,2.2938978157023,0.00152817412095069,0.626881931969858,2.90438261564856,1.06800365855027,0.0722410970037305,0.00340312740391036,NA,0.143269822419169,0.0409389126600198,0.177974250818791,0.340247266214624,1.26334555445866e-06
"protein sumoylation",2.44546603429618,0.165016497430126,4.8140799902536,1.53949066735024,2.80940850704146,0.426644302560289,0.0516944370929844,NA,4.50671765354457,1.27039146055667,1.68859590804975,2.73047947671131,0.0446798159955156,4.24074207864995,0.863527553290052,1.57118493898257,2.82718960093191,3.84152851244981,NA,0.357615624481536,NA,NA,0.744325456086075,1.09212364989899,1.09638570709233,1.26334555445866e-06
"regulation of binding",1.37643304452718,1.24054445624148,1.63805749528003e-08,0.00864772484997259,0.531075927155254,0.163198575889382,0.261918020292159,0.0529107297479675,2.98876604461992e-08,1.33752219610962e-13,0.0265033985685238,0.131268082881656,0.492289376741854,1.7735457817654,0.266717052138279,0.238181991361486,0.00148663847359321,0.642446270393954,0.183886984033935,0.00340312740391036,0.54311230693319,0.0774227566645134,0.0586201479135406,0.125953584846592,0.732745293047605,0.191434262167462
"regulation of cardiac muscle contraction",2.53385857528371e-06,NA,1.63805749528003e-08,0.00864772484997259,7.29621664521275e-07,NA,NA,NA,2.98876604461992e-08,1.33752219610962e-13,3.07568796223611e-06,2.60594068604379e-11,NA,1.509321611317,NA,NA,NA,1.65356774261522e-06,NA,0.00267246963408231,NA,NA,NA,NA,1.84689372710703e-06,1.26334555445866e-06
"regulation of chromosome organization",3.71116469424921,1.55607243226617,6.04300864247604,0.0345055719969323,2.30074755597736,0.999792912106788,0.175849575821231,NA,4.43462940822795,2.20808843830383,4.02282458070577,6.8865261229309,0.0446798159955156,0.474866449151822,0.926241269491036,1.49798707495681,0.781205301157465,1.36953462126871,0.308073914020641,1.50400136355749,0.359218438782465,0.14558863161486,0.0966585193909917,0.942834559747609,2.10393058048451,0.0199206218730161
"regulation of intracellular steroid hormone receptor signaling pathway",0.813579870108683,0.111940224876726,1.43793880111736,0.768848029312443,1.95301809271515,0.51601973966659,0.668280714737721,0.140411250938503,0.304534919005934,1.33752219610962e-13,0.672354576438185,1.11427669581328,0.63047783930268,0.63062211932989,0.206484234528313,0.425945973135047,0.0250479550846695,0.332927451218783,0.183886984033935,0.00763465948241955,NA,NA,0.548681915407163,0.502956091656223,1.08043215741288,0.588304305146661
"regulation of mitotic cell cycle phase transition",2.71876647514504,0.776457974186324,0.0740716516651689,0.00864772484997259,0.733662051154813,0.721159336969162,0.0362323975997172,0.0114909423420987,0.159577014941951,1.33752219610962e-13,1.38875083521472,2.5214611131277,0.0446798159955156,0.225035620462093,0.00936336160058413,0.110410551886094,0.176105468224389,0.662042257556316,0.183886984033935,0.631415939629146,0.351608511143547,0.143269822419169,NA,1.72195178577181,0.153838104937418,1.26334555445866e-06
"regulation of mRNA metabolic process",2.99020012558634,0.204791543883955,3.97751824061015,0.00864772484997259,0.698607988135495,0.782757362801297,0.0362323975997172,0.148095675585213,1.2849909253362,1.33752219610962e-13,2.37441399666058,2.56116532098545,0.335964762804073,4.27666454910387,0.698426396645364,1.26902334438322,0.471363495633295,4.03722059636304,0.408178601730447,0.709649242386246,0.569197080389187,0.122494988800956,0.250372242523106,0.0351524631135628,1.8040042764982,1.26334555445866e-06
"regulation of ossification",0.665655484548138,1.55607243226617,1.63805749528003e-08,0.00864772484997259,7.29621664521275e-07,NA,0.00643950994515714,NA,2.98876604461992e-08,1.33752219610962e-13,3.07568796223611e-06,2.60594068604379e-11,0.0143134413592909,0.099767860029571,0.00936336160058413,0.341922793501669,0.0269705087995689,0.105677347942537,0.164167705117848,NA,NA,0.128041816449835,NA,0.130426126949154,1.84689372710703e-06,1.26334555445866e-06
"regulation of response to DNA damage stimulus",5.25269892397374,0.111940224876726,3.04861492374028,0.00864772484997259,5.12244118131671,1.45575074439341,0.87831852936218,0.130496332002318,3.50184923374814,0.17392865322058,2.12011056797951,9.03107864227066,0.995058763644202,1.50151079819992,0.858537151250441,3.71796880064646,0.471363495633295,3.87709994464337,0.182980886435108,0.485944451156388,0.292773872241056,0.14558863161486,1.4686512736067,0.876518933779107,0.953473903850516,1.26334555445866e-06
"regulation of stem cell differentiation",2.53385857528371e-06,NA,0.778029028108693,0.00864772484997259,0.958260360636091,NA,0.52172484963488,0.108047934025845,0.279297011243507,1.33752219610962e-13,0.791514109342099,0.856935919152573,0.0446798159955156,0.768669490987908,0.987306865736659,1.38526811482355,0.0269705087995689,0.237558687221425,NA,0.122892262652218,0.391812788101289,0.112088692964952,0.110561996792239,0.341746952205652,1.11345388660852,1.26334555445866e-06
"regulation of viral genome replication",0.574528718625094,0.111940224876726,0.508023099860264,0.416109707520487,0.22987440907366,NA,0.249494063611232,0.140411250938503,0.166446037146986,1.33752219610962e-13,0.00758158372324355,1.20707252436112,0.187669039070428,0.963933624646993,0.0554170893916412,0.205738693963636,0.180358661555808,0.35163528833036,0.14195529572758,0.00267246963408231,0.466665090232541,1.46672122837332,0.0485194331210234,0.517194509767294,0.788958637711337,0.0566813498275861
"regulation of viral process",0.339705461979604,0.08858104190479,0.106793513399984,0.0877502687923462,0.274559313634078,NA,0.521478996604817,0.0929686763926168,2.98876604461992e-08,1.33752219610962e-13,3.07568796223611e-06,0.97402393478748,0.0983993409128407,1.03878310773823,0.00936336160058413,0.435226653381377,0.200313189202382,0.416321974539766,0.182980886435108,0.00340312740391036,0.364542201624605,1.46672122837332,0.0659868103562369,0.517194509767294,0.56202385221139,1.26334555445866e-06
"response to radiation",3.79558962086761,1.24054445624148,3.36290490439106,0.00864772484997259,2.73738115318447,0.49418026121253,0.495857659334075,0.0393320897104949,1.23313415789572,1.33752219610962e-13,0.606786033485763,2.38406351899308,0.629162676393672,0.238804695640523,0.0983628141202798,1.46533992223749,0.190371851394171,2.24131108653736,0.183886984033935,0.071462306477903,1.03630999618039,0.111827701397533,0.249201495618931,1.09212364989899,0.843675013234485,1.26334555445866e-06
"response to UV",2.12464729735351,1.24054445624148,4.66234643923601,0.00864772484997259,3.12445869487489,0.755268714635858,1.06510164522979,0.140538890602459,1.19493236165985,1.33752219610962e-13,0.828770370122837,2.96332835372713,0.139396298293246,0.692275027040847,0.0904608624131837,3.43861391127683,0.131658955907508,1.28895523480313,0.156337013680455,2.67982029931984e-05,NA,0.0808977303557566,0.0966585193909917,0.802852677253066,0.367296639118766,1.26334555445866e-06
"rhythmic process",1.8323300886025,0.649810748067167,3.03142799828834,0.118175038319945,2.30074755597736,0.243570666755045,1.25809299903508,0.516387353153893,2.57158222287009,1.33752219610962e-13,0.695000971897863,3.15075476727616,0.558144886021268,1.47872039968617,1.04990008242165,2.25070563869284,1.90302688897758,1.50841125385129,0.408178601730447,0.613733049215644,0.203649514820512,0.14558863161486,0.711466725837858,0.449949099186323,3.71456731758864,0.00914522684034412
"RNA localization",1.29726292304483,0.27491466518761,0.60449427077943,4.34257884679025e-05,0.648786074890795,0.951482210896392,0.0194357859169236,0.0282419350325053,0.99489181516126,1.33752219610962e-13,0.695000971897863,1.68582554208009,0.0858067540000683,0.143821330644974,0.00936336160058413,0.587790671307251,0.0269705087995689,0.157975341228878,0.104902313118843,1.50400136355749,0.640446350063184,0.14558863161486,0.314503329165046,0.124356094448393,0.118551741566943,1.26334555445866e-06
"viral RNA genome replication",1.89667175807172,0.111940224876726,0.50184528605286,0.05489056029808,0.776867035974787,NA,0.347147127745224,NA,0.304534919005934,0.302947245110589,0.770166221822568,0.468661764804065,0.139396298293246,0.963933624646993,NA,0.554055114750523,0.409047182587197,1.28159646906618,0.183886984033935,NA,NA,0.14558863161486,NA,NA,1.45772971895674,0.408621232432802
