,DxK,DxKP,ExK,ExKP,IK,IKxD,IKxE,IKxEP,KL,KP,KxD,KxE,KxEP,KxG,KxN,KxP,KxQ,KxS,LKxD,LKxE,LKxEP,MKxE,PKxE,TKxE,VK,VKxE
blastocyst development,21,6,10,2,9,2,8,NA,11,13,9,22,3,5,8,5,3,7,2,2,NA,1,1,3,8,4
cellular response to cytokine stimulus,31,9,41,6,37,2,19,7,37,32,12,78,20,27,16,17,17,23,3,27,7,2,8,6,40,18
cellular response to endogenous stimulus,63,17,74,18,80,6,45,14,51,64,38,132,35,30,26,30,31,43,9,32,7,7,15,9,76,39
cellular response to gamma radiation,6,2,7,2,5,NA,NA,NA,5,7,4,9,1,NA,1,5,1,4,2,3,NA,NA,1,2,4,3
cellular response to hypoxia,4,1,10,3,3,NA,1,1,4,6,1,15,6,2,1,3,3,2,NA,5,4,2,1,NA,5,2
cellular response to ionizing radiation,16,3,12,3,12,2,4,NA,11,11,9,24,4,4,4,7,2,10,3,6,2,1,4,4,10,6
cellular response to radiation,32,10,34,4,30,4,14,2,23,22,16,51,11,13,8,15,6,20,3,7,2,2,6,6,24,14
chromatin organization,105,23,126,23,97,8,56,15,103,109,65,227,51,58,53,63,40,68,11,43,7,16,31,19,121,71
chromatin remodeling,65,15,79,16,62,6,35,10,70,72,46,142,26,41,28,44,20,38,9,23,2,14,15,12,75,41
chromosome organization,88,25,120,26,72,11,32,5,91,97,60,166,22,42,30,40,39,53,14,36,2,8,17,19,81,37
circadian regulation of gene expression,11,6,11,1,15,1,9,4,13,10,5,23,6,3,5,3,5,7,NA,7,NA,1,5,3,14,7
circadian rhythm,21,7,30,5,28,2,19,6,23,21,13,45,12,13,10,14,15,17,4,13,1,3,6,5,27,10
DNA repair,102,19,125,25,88,9,40,5,93,88,64,193,30,48,29,46,48,68,12,39,4,9,21,29,92,41
DNA-templated transcription elongation,51,11,42,8,39,6,25,4,33,44,21,87,20,23,9,21,12,31,3,22,2,2,20,7,40,22
epigenetic regulation of gene expression,28,7,36,8,22,NA,12,3,23,28,15,61,11,12,16,15,9,25,2,14,3,4,7,3,34,19
facultative heterochromatin formation,10,4,9,3,4,NA,2,NA,7,10,6,16,3,5,3,9,4,6,1,2,1,2,1,2,12,8
hematopoietic or lymphoid organ development,52,16,66,9,64,9,38,9,47,64,30,128,34,26,20,28,21,40,4,31,10,5,5,10,69,40
hemopoiesis,47,13,65,9,63,9,37,9,46,61,30,124,34,26,19,28,20,37,4,31,10,4,5,10,63,38
histone modification,78,17,85,21,80,7,50,13,75,78,45,168,36,40,33,49,31,44,6,32,5,10,18,15,93,57
immune system development,60,18,74,10,71,9,44,10,53,68,31,140,36,29,21,29,27,44,4,34,11,6,7,13,73,42
macromolecule methylation,34,7,52,11,36,2,25,5,40,40,26,95,21,17,19,26,16,23,1,20,6,10,15,5,50,28
mesenchyme morphogenesis,2,1,2,1,7,NA,2,NA,2,2,1,5,NA,4,NA,8,NA,5,NA,NA,NA,NA,NA,NA,5,2
mitotic G2/M transition checkpoint,13,3,8,2,8,2,3,NA,6,12,9,20,4,5,3,3,5,7,2,5,NA,NA,NA,6,10,3
mononuclear cell differentiation,21,6,32,3,32,5,17,5,22,30,11,57,18,14,8,12,7,21,1,14,7,1,4,6,25,14
mRNA processing,81,15,98,17,73,12,34,5,87,71,65,154,21,47,24,41,37,60,16,33,2,8,20,17,84,32
mRNA transcription,8,3,7,NA,12,NA,8,6,7,8,5,16,9,5,1,4,NA,3,1,3,1,1,2,NA,6,3
mRNA transcription by RNA polymerase II,6,3,5,NA,10,NA,8,6,5,6,4,12,7,4,NA,1,NA,2,NA,1,NA,1,1,NA,4,2
myeloid leukocyte differentiation,10,4,10,1,12,NA,9,3,11,12,2,29,13,5,2,5,3,10,NA,9,5,1,2,3,12,8
negative regulation of binding,17,9,13,4,17,NA,7,1,14,22,7,29,8,14,10,6,2,11,2,7,2,2,3,2,19,12
NLS-bearing protein import into nucleus,7,NA,7,NA,NA,NA,NA,NA,7,3,NA,8,7,5,NA,2,7,1,NA,NA,NA,NA,1,1,2,NA
peptidyl-lysine modification,55,13,68,17,68,6,40,13,59,57,39,134,30,33,24,34,23,41,3,28,3,5,19,13,72,45
peptidyl-serine modification,33,24,15,1,15,3,6,2,12,28,13,34,8,9,4,3,6,13,3,13,3,2,2,3,17,8
peptidyl-serine phosphorylation,31,24,15,1,15,3,6,2,11,28,13,34,8,9,4,3,6,13,3,13,3,2,2,3,17,8
positive regulation of chromosome organization,24,11,29,5,22,4,11,NA,25,29,20,45,3,9,7,13,9,15,5,13,1,1,4,6,23,10
positive regulation of developmental process,57,18,67,10,91,8,57,13,50,65,34,144,33,27,20,22,23,37,8,26,7,7,7,17,68,36
positive regulation of DNA metabolic process,49,11,60,9,53,8,26,6,52,50,35,104,17,26,15,28,23,34,5,27,1,4,14,16,42,17
positive regulation of gene expression,65,18,77,7,81,4,49,11,64,47,33,136,32,44,30,34,32,45,8,20,4,10,14,13,71,34
positive regulation of viral genome replication,4,1,6,2,5,NA,3,1,4,3,2,11,1,5,1,2,2,3,NA,1,NA,4,1,3,5,2
positive regulation of viral process,7,1,7,2,7,NA,5,1,6,4,3,16,2,6,2,5,3,6,1,3,NA,5,2,4,9,3
protein autophosphorylation,27,21,4,1,11,NA,5,1,7,27,5,25,4,8,1,2,5,7,NA,12,1,NA,1,2,12,7
protein localization to chromosome,18,5,23,5,17,3,8,1,20,19,15,42,5,11,6,11,4,9,1,9,1,2,3,5,20,10
"protein localization to chromosome, telomeric region",6,1,10,2,8,1,5,1,8,7,7,14,1,3,4,4,2,4,1,5,NA,NA,1,2,7,2
protein localization to nucleolus,7,1,4,NA,3,NA,1,NA,3,2,4,6,NA,2,1,2,2,6,NA,NA,NA,NA,1,2,3,1
protein localization to nucleus,44,8,38,5,28,4,14,3,33,29,20,66,15,26,6,16,25,23,2,11,NA,4,4,5,31,11
protein sumoylation,16,3,22,9,17,2,4,NA,19,18,11,26,3,15,7,9,12,15,NA,6,NA,NA,5,5,14,6
regulation of binding,36,14,26,6,30,2,17,2,22,37,16,56,16,25,13,14,6,22,5,11,3,2,5,4,36,21
regulation of cardiac muscle contraction,1,NA,1,1,1,NA,NA,NA,3,1,1,2,NA,6,NA,NA,NA,1,NA,1,NA,NA,NA,NA,2,1
regulation of chromosome organization,46,16,58,10,41,8,16,NA,45,54,34,90,11,18,17,21,19,26,7,25,2,6,7,10,44,20
regulation of intracellular steroid hormone receptor signaling pathway,10,2,13,6,13,2,7,1,8,9,7,18,6,6,4,5,2,6,2,3,NA,NA,4,3,12,8
regulation of mitotic cell cycle phase transition,43,12,32,6,33,6,13,1,27,38,26,76,11,16,10,13,14,23,5,20,2,4,NA,13,32,12
regulation of mRNA metabolic process,41,8,49,8,30,6,12,4,32,29,28,70,14,32,15,19,16,33,7,19,3,3,8,2,40,14
regulation of ossification,8,6,2,1,2,NA,1,NA,1,7,1,5,1,3,2,4,2,4,1,NA,NA,1,NA,1,3,1
regulation of response to DNA damage stimulus,58,8,57,10,58,11,26,4,49,49,33,111,22,28,19,31,20,39,5,21,2,6,16,11,45,20
regulation of stem cell differentiation,7,NA,14,2,13,NA,8,1,10,12,9,22,3,8,8,9,3,7,NA,5,1,1,3,3,15,6
regulation of viral genome replication,9,2,10,5,7,NA,5,1,7,8,4,18,4,7,3,4,4,6,1,2,1,5,1,3,11,6
regulation of viral process,12,2,12,5,11,NA,9,1,9,9,5,26,5,10,4,7,6,9,2,4,1,6,2,4,15,7
response to radiation,49,15,53,6,45,5,21,2,36,37,23,79,18,17,12,22,15,31,5,14,5,3,9,11,40,17
response to UV,23,9,32,3,26,4,14,2,19,18,13,42,7,11,6,17,7,15,2,3,NA,1,4,6,18,9
rhythmic process,30,9,38,9,32,2,20,7,31,29,17,59,13,19,15,19,19,21,6,15,1,4,9,6,39,15
RNA localization,28,7,28,3,24,6,7,1,25,25,17,53,9,11,7,13,7,14,2,20,3,5,7,3,23,9
viral RNA genome replication,7,1,5,2,5,NA,3,NA,4,6,4,7,2,4,NA,3,3,5,1,NA,NA,1,NA,NA,7,4